{
  "results": [
    {
      "categories": [],
      "color": "#040C0D",
      "created_at": "2017-08-18T16:34:28-04:00",
      "current_user_collections": [],
      "description": null,
      "height": 4310,
      "id": "iPdcTDrcC-w",
      "liked_by_user": false,
      "likes": 384,
      "links": {
        "download": "https://unsplash.com/photos/iPdcTDrcC-w/download",
        "download_location": "https://api.unsplash.com/photos/iPdcTDrcC-w/download",
        "html": "https://unsplash.com/photos/iPdcTDrcC-w",
        "self": "https://api.unsplash.com/photos/iPdcTDrcC-w"
      },
      "updated_at": "2017-11-01T14:41:25-04:00",
      "urls": {
        "full": "https://images.unsplash.com/photo-1503088414719-16a89b27b122?ixlib=rb-0.3.5&q=85&fm=jpg&crop=entropy&cs=srgb&s=89c7f0d643488e903214527fff292fac",
        "raw": "https://images.unsplash.com/photo-1503088414719-16a89b27b122",
        "regular": "https://images.unsplash.com/photo-1503088414719-16a89b27b122?ixlib=rb-0.3.5&q=80&fm=jpg&crop=entropy&cs=tinysrgb&w=1080&fit=max&s=57bf59b1b8760c57b7ea7c5af4ed86d8",
        "small": "https://images.unsplash.com/photo-1503088414719-16a89b27b122?ixlib=rb-0.3.5&q=80&fm=jpg&crop=entropy&cs=tinysrgb&w=400&fit=max&s=38a1d2248b60fd82e1cab1a5fb77f5bb",
        "thumb": "https://images.unsplash.com/photo-1503088414719-16a89b27b122?ixlib=rb-0.3.5&q=80&fm=jpg&crop=entropy&cs=tinysrgb&w=200&fit=max&s=560316d914d171231088849d93070782"
      },
      "user": {
        "bio": "17-year-old photographer from the Bay Area. I spend my time creating short films, but I also experiment with photography.",
        "first_name": "Conner",
        "id": "gytkiVdVGco",
        "last_name": "Murphy",
        "links": {
          "followers": "https://api.unsplash.com/users/conner3400/followers",
          "following": "https://api.unsplash.com/users/conner3400/following",
          "html": "https://unsplash.com/@conner3400",
          "likes": "https://api.unsplash.com/users/conner3400/likes",
          "photos": "https://api.unsplash.com/users/conner3400/photos",
          "portfolio": "https://api.unsplash.com/users/conner3400/portfolio",
          "self": "https://api.unsplash.com/users/conner3400"
        },
        "location": "San Francisco",
        "name": "Conner Murphy",
        "portfolio_url": "https://www.youtube.com/channel/UCY2dqH0EQeOr71kmQ6vyCdg",
        "profile_image": {
          "large": "https://images.unsplash.com/profile-1503088637313-db2b40dc1613?ixlib=rb-0.3.5&q=80&fm=jpg&crop=faces&cs=tinysrgb&fit=crop&h=128&w=128&s=11480e5ca22158faa68d6f72559c3ef8",
          "medium": "https://images.unsplash.com/profile-1503088637313-db2b40dc1613?ixlib=rb-0.3.5&q=80&fm=jpg&crop=faces&cs=tinysrgb&fit=crop&h=64&w=64&s=f0a406092f483a3470453ba0cbe2a377",
          "small": "https://images.unsplash.com/profile-1503088637313-db2b40dc1613?ixlib=rb-0.3.5&q=80&fm=jpg&crop=faces&cs=tinysrgb&fit=crop&h=32&w=32&s=670cbbe967e5af71b5d2a5b43f020ed0"
        },
        "total_collections": 1,
        "total_likes": 574,
        "total_photos": 24,
        "twitter_username": "conner3400",
        "updated_at": "2017-11-08T20:22:05-05:00",
        "username": "conner3400"
      },
      "width": 3448
    },
    {
      "categories": [],
      "color": "#162F3D",
      "created_at": "2016-02-23T01:03:18-05:00",
      "current_user_collections": [],
      "description": "A surfer wearing a bodysuit riding a large cresting wave at North Beach",
      "height": 2493,
      "id": "9_Wqa2r9bME",
      "liked_by_user": false,
      "likes": 525,
      "links": {
        "download": "https://unsplash.com/photos/9_Wqa2r9bME/download",
        "download_location": "https://api.unsplash.com/photos/9_Wqa2r9bME/download",
        "html": "https://unsplash.com/photos/9_Wqa2r9bME",
        "self": "https://api.unsplash.com/photos/9_Wqa2r9bME"
      },
      "updated_at": "2017-11-01T11:02:17-04:00",
      "urls": {
        "full": "https://images.unsplash.com/photo-1456207242739-ff52c0c7413c?ixlib=rb-0.3.5&q=85&fm=jpg&crop=entropy&cs=srgb&s=120dd0f23ca2999779d820f3e87bd97c",
        "raw": "https://images.unsplash.com/photo-1456207242739-ff52c0c7413c",
        "regular": "https://images.unsplash.com/photo-1456207242739-ff52c0c7413c?ixlib=rb-0.3.5&q=80&fm=jpg&crop=entropy&cs=tinysrgb&w=1080&fit=max&s=41cee9d3edc21501d85373d1929256b2",
        "small": "https://images.unsplash.com/photo-1456207242739-ff52c0c7413c?ixlib=rb-0.3.5&q=80&fm=jpg&crop=entropy&cs=tinysrgb&w=400&fit=max&s=4bbcacc2acc37ef89490a128575783b6",
        "thumb": "https://images.unsplash.com/photo-1456207242739-ff52c0c7413c?ixlib=rb-0.3.5&q=80&fm=jpg&crop=entropy&cs=tinysrgb&w=200&fit=max&s=917f500608b20b4da4d0569833b25ab3"
      },
      "user": {
        "bio": null,
        "first_name": "Julie",
        "id": "-SqGBwKsZPY",
        "last_name": "Macey",
        "links": {
          "followers": "https://api.unsplash.com/users/jules144/followers",
          "following": "https://api.unsplash.com/users/jules144/following",
          "html": "https://unsplash.com/@jules144",
          "likes": "https://api.unsplash.com/users/jules144/likes",
          "photos": "https://api.unsplash.com/users/jules144/photos",
          "portfolio": "https://api.unsplash.com/users/jules144/portfolio",
          "self": "https://api.unsplash.com/users/jules144"
        },
        "location": "Durban, South Africa",
        "name": "Julie Macey",
        "portfolio_url": null,
        "profile_image": {
          "large": "https://images.unsplash.com/placeholder-avatars/extra-large.jpg?ixlib=rb-0.3.5&q=80&fm=jpg&crop=faces&cs=tinysrgb&fit=crop&h=128&w=128&s=ee8bbf5fb8d6e43aaaa238feae2fe90d",
          "medium": "https://images.unsplash.com/placeholder-avatars/extra-large.jpg?ixlib=rb-0.3.5&q=80&fm=jpg&crop=faces&cs=tinysrgb&fit=crop&h=64&w=64&s=356bd4b76a3d4eb97d63f45b818dd358",
          "small": "https://images.unsplash.com/placeholder-avatars/extra-large.jpg?ixlib=rb-0.3.5&q=80&fm=jpg&crop=faces&cs=tinysrgb&fit=crop&h=32&w=32&s=0ad68f44c4725d5a3fda019bab9d3edc"
        },
        "total_collections": 0,
        "total_likes": 39,
        "total_photos": 8,
        "twitter_username": null,
        "updated_at": "2017-11-10T08:19:17-05:00",
        "username": "jules144"
      },
      "width": 4571
    },
    {
      "categories": [],
      "color": "#0B1112",
      "created_at": "2017-07-19T23:11:02-04:00",
      "current_user_collections": [],
      "description": null,
      "height": 3024,
      "id": "VAggpKuA2zU",
      "liked_by_user": false,
      "likes": 33,
      "links": {
        "download": "https://unsplash.com/photos/VAggpKuA2zU/download",
        "download_location": "https://api.unsplash.com/photos/VAggpKuA2zU/download",
        "html": "https://unsplash.com/photos/VAggpKuA2zU",
        "self": "https://api.unsplash.com/photos/VAggpKuA2zU"
      },
      "updated_at": "2017-10-31T19:45:39-04:00",
      "urls": {
        "full": "https://images.unsplash.com/photo-1500520198921-6d4704f98092?ixlib=rb-0.3.5&q=85&fm=jpg&crop=entropy&cs=srgb&s=9638dbcef4dbb3e6fa0717a0d2141f9d",
        "raw": "https://images.unsplash.com/photo-1500520198921-6d4704f98092",
        "regular": "https://images.unsplash.com/photo-1500520198921-6d4704f98092?ixlib=rb-0.3.5&q=80&fm=jpg&crop=entropy&cs=tinysrgb&w=1080&fit=max&s=874c7da591743c32433201cfc049a838",
        "small": "https://images.unsplash.com/photo-1500520198921-6d4704f98092?ixlib=rb-0.3.5&q=80&fm=jpg&crop=entropy&cs=tinysrgb&w=400&fit=max&s=3ff8977f8cc44a5284d26c2f1daa2d6c",
        "thumb": "https://images.unsplash.com/photo-1500520198921-6d4704f98092?ixlib=rb-0.3.5&q=80&fm=jpg&crop=entropy&cs=tinysrgb&w=200&fit=max&s=89400f1dbfa963f3c85aeb9fd141494f"
      },
      "user": {
        "bio": "Experience designer.\r\nWellness advocate. \r\nFreelance photographer. \r\nabigail.lynn.designs@gmail.com\r\ninstagram: @shmabbss",
        "first_name": "Abigail",
        "id": "wk3EPWXC3W0",
        "last_name": "Lynn",
        "links": {
          "followers": "https://api.unsplash.com/users/shmabbss/followers",
          "following": "https://api.unsplash.com/users/shmabbss/following",
          "html": "https://unsplash.com/@shmabbss",
          "likes": "https://api.unsplash.com/users/shmabbss/likes",
          "photos": "https://api.unsplash.com/users/shmabbss/photos",
          "portfolio": "https://api.unsplash.com/users/shmabbss/portfolio",
          "self": "https://api.unsplash.com/users/shmabbss"
        },
        "location": "New York",
        "name": "Abigail Lynn",
        "portfolio_url": "https://abigaillynn.work",
        "profile_image": {
          "large": "https://images.unsplash.com/profile-1450045935490-92b178a00c93?ixlib=rb-0.3.5&q=80&fm=jpg&crop=faces&cs=tinysrgb&fit=crop&h=128&w=128&s=8f801aae6f2496988a80eb8117c75207",
          "medium": "https://images.unsplash.com/profile-1450045935490-92b178a00c93?ixlib=rb-0.3.5&q=80&fm=jpg&crop=faces&cs=tinysrgb&fit=crop&h=64&w=64&s=d136e68af62a46185111318a2445ce78",
          "small": "https://images.unsplash.com/profile-1450045935490-92b178a00c93?ixlib=rb-0.3.5&q=80&fm=jpg&crop=faces&cs=tinysrgb&fit=crop&h=32&w=32&s=4f5560fafbe23dca8e3092053ebf439b"
        },
        "total_collections": 11,
        "total_likes": 62,
        "total_photos": 62,
        "twitter_username": "shmabbss",
        "updated_at": "2017-11-01T22:50:36-04:00",
        "username": "shmabbss"
      },
      "width": 3778
    },
    {
      "categories": [],
      "color": "#292622",
      "created_at": "2017-08-13T23:14:08-04:00",
      "current_user_collections": [],
      "description": "A man in a t-shirt surfing down a swirling wave",
      "height": 2828,
      "id": "_CFv3bntQlQ",
      "liked_by_user": false,
      "likes": 638,
      "links": {
        "download": "https://unsplash.com/photos/_CFv3bntQlQ/download",
        "download_location": "https://api.unsplash.com/photos/_CFv3bntQlQ/download",
        "html": "https://unsplash.com/photos/_CFv3bntQlQ",
        "self": "https://api.unsplash.com/photos/_CFv3bntQlQ"
      },
      "updated_at": "2017-11-01T13:26:15-04:00",
      "urls": {
        "full": "https://images.unsplash.com/photo-1502680390469-be75c86b636f?ixlib=rb-0.3.5&q=85&fm=jpg&crop=entropy&cs=srgb&s=cfc39f90c323b81c854ae529f225c2c5",
        "raw": "https://images.unsplash.com/photo-1502680390469-be75c86b636f",
        "regular": "https://images.unsplash.com/photo-1502680390469-be75c86b636f?ixlib=rb-0.3.5&q=80&fm=jpg&crop=entropy&cs=tinysrgb&w=1080&fit=max&s=06cb4493e45842a0f0d553b1f75326a0",
        "small": "https://images.unsplash.com/photo-1502680390469-be75c86b636f?ixlib=rb-0.3.5&q=80&fm=jpg&crop=entropy&cs=tinysrgb&w=400&fit=max&s=9a5aeade6cdc8a650ed631eefb590a39",
        "thumb": "https://images.unsplash.com/photo-1502680390469-be75c86b636f?ixlib=rb-0.3.5&q=80&fm=jpg&crop=entropy&cs=tinysrgb&w=200&fit=max&s=773e65ca69b73deb4c18c0d2349d64d8"
      },
      "user": {
        "bio": "@tidesinourveins\r\nGlobal Expeditions |\r\nSurf Photography |\r\nAdventure photography \r\n",
        "first_name": "Jeremy",
        "id": "fbPZwdKgWWs",
        "last_name": "Bishop",
        "links": {
          "followers": "https://api.unsplash.com/users/tidesinourveins/followers",
          "following": "https://api.unsplash.com/users/tidesinourveins/following",
          "html": "https://unsplash.com/@tidesinourveins",
          "likes": "https://api.unsplash.com/users/tidesinourveins/likes",
          "photos": "https://api.unsplash.com/users/tidesinourveins/photos",
          "portfolio": "https://api.unsplash.com/users/tidesinourveins/portfolio",
          "self": "https://api.unsplash.com/users/tidesinourveins"
        },
        "location": "California",
        "name": "Jeremy Bishop",
        "portfolio_url": "http://jeremybishopphotography.com",
        "profile_image": {
          "large": "https://images.unsplash.com/profile-1475405901109-04b2f633a548?ixlib=rb-0.3.5&q=80&fm=jpg&crop=faces&cs=tinysrgb&fit=crop&h=128&w=128&s=07596ffc8a1763674708a2d8500f2427",
          "medium": "https://images.unsplash.com/profile-1475405901109-04b2f633a548?ixlib=rb-0.3.5&q=80&fm=jpg&crop=faces&cs=tinysrgb&fit=crop&h=64&w=64&s=164eaa85bd58a3e71871d0387246310c",
          "small": "https://images.unsplash.com/profile-1475405901109-04b2f633a548?ixlib=rb-0.3.5&q=80&fm=jpg&crop=faces&cs=tinysrgb&fit=crop&h=32&w=32&s=8bb5a4dcbbe82648e3c78eb143435886"
        },
        "total_collections": 15,
        "total_likes": 3196,
        "total_photos": 650,
        "twitter_username": null,
        "updated_at": "2017-11-11T19:29:54-05:00",
        "username": "tidesinourveins"
      },
      "width": 4242
    },
    {
      "categories": [],
      "color": "#0C3038",
      "created_at": "2016-06-26T00:56:10-04:00",
      "current_user_collections": [],
      "description": "A man surfing a large wave during golden hour",
      "height": 3648,
      "id": "x2-K3IL4VeA",
      "liked_by_user": false,
      "likes": 228,
      "links": {
        "download": "https://unsplash.com/photos/x2-K3IL4VeA/download",
        "download_location": "https://api.unsplash.com/photos/x2-K3IL4VeA/download",
        "html": "https://unsplash.com/photos/x2-K3IL4VeA",
        "self": "https://api.unsplash.com/photos/x2-K3IL4VeA"
      },
      "updated_at": "2017-11-01T14:28:31-04:00",
      "urls": {
        "full": "https://images.unsplash.com/photo-1466916932233-c1b9c82e71c4?ixlib=rb-0.3.5&q=85&fm=jpg&crop=entropy&cs=srgb&s=6dafb546185090f4a52df260a0e01161",
        "raw": "https://images.unsplash.com/photo-1466916932233-c1b9c82e71c4",
        "regular": "https://images.unsplash.com/photo-1466916932233-c1b9c82e71c4?ixlib=rb-0.3.5&q=80&fm=jpg&crop=entropy&cs=tinysrgb&w=1080&fit=max&s=25ee56bdde693663bf60c64b77aebd09",
        "small": "https://images.unsplash.com/photo-1466916932233-c1b9c82e71c4?ixlib=rb-0.3.5&q=80&fm=jpg&crop=entropy&cs=tinysrgb&w=400&fit=max&s=bb5c6a26ecce21200f510745183fcf78",
        "thumb": "https://images.unsplash.com/photo-1466916932233-c1b9c82e71c4?ixlib=rb-0.3.5&q=80&fm=jpg&crop=entropy&cs=tinysrgb&w=200&fit=max&s=3c12d2ed604e48f7914fe35c445b80a2"
      },
      "user": {
        "bio": "Instagram @Simpler.Times\r\n\r\nteddykelley@gmail.com",
        "first_name": "Teddy",
        "id": "xqiscbtGdPc",
        "last_name": "Kelley",
        "links": {
          "followers": "https://api.unsplash.com/users/teddykelley/followers",
          "following": "https://api.unsplash.com/users/teddykelley/following",
          "html": "https://unsplash.com/@teddykelley",
          "likes": "https://api.unsplash.com/users/teddykelley/likes",
          "photos": "https://api.unsplash.com/users/teddykelley/photos",
          "portfolio": "https://api.unsplash.com/users/teddykelley/portfolio",
          "self": "https://api.unsplash.com/users/teddykelley"
        },
        "location": null,
        "name": "Teddy Kelley",
        "portfolio_url": "https://teddykelley.smugmug.com",
        "profile_image": {
          "large": "https://images.unsplash.com/profile-1454994701248-ea5cee4726f4?ixlib=rb-0.3.5&q=80&fm=jpg&crop=faces&cs=tinysrgb&fit=crop&h=128&w=128&s=77429ab0384f8625cc780c7a87c71c41",
          "medium": "https://images.unsplash.com/profile-1454994701248-ea5cee4726f4?ixlib=rb-0.3.5&q=80&fm=jpg&crop=faces&cs=tinysrgb&fit=crop&h=64&w=64&s=821db6a091b23e57ea3c6a7533674996",
          "small": "https://images.unsplash.com/profile-1454994701248-ea5cee4726f4?ixlib=rb-0.3.5&q=80&fm=jpg&crop=faces&cs=tinysrgb&fit=crop&h=32&w=32&s=d05a497a978036e6df242f12860ae60a"
        },
        "total_collections": 0,
        "total_likes": 52,
        "total_photos": 41,
        "twitter_username": null,
        "updated_at": "2017-11-07T12:55:53-05:00",
        "username": "teddykelley"
      },
      "width": 5472
    },
    {
      "categories": [],
      "color": "#F0F0EC",
      "created_at": "2017-08-29T08:38:43-04:00",
      "current_user_collections": [],
      "description": "A person reaching their arm out underwater and making a thumbs up motion.",
      "height": 2121,
      "id": "RaOKzBtN8fI",
      "liked_by_user": false,
      "likes": 160,
      "links": {
        "download": "https://unsplash.com/photos/RaOKzBtN8fI/download",
        "download_location": "https://api.unsplash.com/photos/RaOKzBtN8fI/download",
        "html": "https://unsplash.com/photos/RaOKzBtN8fI",
        "self": "https://api.unsplash.com/photos/RaOKzBtN8fI"
      },
      "updated_at": "2017-11-01T09:03:07-04:00",
      "urls": {
        "full": "https://images.unsplash.com/photo-1504010277680-57fdcb91f65c?ixlib=rb-0.3.5&q=85&fm=jpg&crop=entropy&cs=srgb&s=1b670f3010e2018c3a0193682639a484",
        "raw": "https://images.unsplash.com/photo-1504010277680-57fdcb91f65c",
        "regular": "https://images.unsplash.com/photo-1504010277680-57fdcb91f65c?ixlib=rb-0.3.5&q=80&fm=jpg&crop=entropy&cs=tinysrgb&w=1080&fit=max&s=3c0c6c113939bea5f41bbafe7aa63859",
        "small": "https://images.unsplash.com/photo-1504010277680-57fdcb91f65c?ixlib=rb-0.3.5&q=80&fm=jpg&crop=entropy&cs=tinysrgb&w=400&fit=max&s=72b0451c838bc32f71844ec5b620210b",
        "thumb": "https://images.unsplash.com/photo-1504010277680-57fdcb91f65c?ixlib=rb-0.3.5&q=80&fm=jpg&crop=entropy&cs=tinysrgb&w=200&fit=max&s=f18ab1852b4a7f7516e03ca69cbe150b"
      },
      "user": {
        "bio": null,
        "first_name": "Cristian",
        "id": "vs6lIh8HJpo",
        "last_name": "Álvarez",
        "links": {
          "followers": "https://api.unsplash.com/users/cristianla/followers",
          "following": "https://api.unsplash.com/users/cristianla/following",
          "html": "https://unsplash.com/@cristianla",
          "likes": "https://api.unsplash.com/users/cristianla/likes",
          "photos": "https://api.unsplash.com/users/cristianla/photos",
          "portfolio": "https://api.unsplash.com/users/cristianla/portfolio",
          "self": "https://api.unsplash.com/users/cristianla"
        },
        "location": "Spain / Canarias",
        "name": "Cristian Álvarez",
        "portfolio_url": null,
        "profile_image": {
          "large": "https://images.unsplash.com/profile-fb-1473096950-2a641f97c699.jpg?ixlib=rb-0.3.5&q=80&fm=jpg&crop=faces&cs=tinysrgb&fit=crop&h=128&w=128&s=5e011fd1200e2e4d5add198b1dd7c67a",
          "medium": "https://images.unsplash.com/profile-fb-1473096950-2a641f97c699.jpg?ixlib=rb-0.3.5&q=80&fm=jpg&crop=faces&cs=tinysrgb&fit=crop&h=64&w=64&s=0f117f182a17caebfac36080f7459ab2",
          "small": "https://images.unsplash.com/profile-fb-1473096950-2a641f97c699.jpg?ixlib=rb-0.3.5&q=80&fm=jpg&crop=faces&cs=tinysrgb&fit=crop&h=32&w=32&s=46085e26462c086d78a5cab5e4eda27f"
        },
        "total_collections": 0,
        "total_likes": 61,
        "total_photos": 11,
        "twitter_username": "_CristianLA",
        "updated_at": "2017-10-30T14:56:39-04:00",
        "username": "cristianla"
      },
      "width": 2828
    },
    {
      "categories": [],
      "color": "#A28F79",
      "created_at": "2014-10-28T06:10:22-04:00",
      "current_user_collections": [],
      "description": "An abandoned surfboard, upside down, left on the beach as the sun sets over the sea in the background",
      "height": 2857,
      "id": "eHtM8lZrU2A",
      "liked_by_user": false,
      "likes": 383,
      "links": {
        "download": "https://unsplash.com/photos/eHtM8lZrU2A/download",
        "download_location": "https://api.unsplash.com/photos/eHtM8lZrU2A/download",
        "html": "https://unsplash.com/photos/eHtM8lZrU2A",
        "self": "https://api.unsplash.com/photos/eHtM8lZrU2A"
      },
      "updated_at": "2017-10-31T03:08:22-04:00",
      "urls": {
        "full": "https://images.unsplash.com/photo-1414490929659-9a12b7e31907?ixlib=rb-0.3.5&q=85&fm=jpg&crop=entropy&cs=srgb&s=434d19876694b029ad7aa2007d5ba767",
        "raw": "https://images.unsplash.com/photo-1414490929659-9a12b7e31907",
        "regular": "https://images.unsplash.com/photo-1414490929659-9a12b7e31907?ixlib=rb-0.3.5&q=80&fm=jpg&crop=entropy&cs=tinysrgb&w=1080&fit=max&s=c3049c07c3d6d73f62297adc8db7363c",
        "small": "https://images.unsplash.com/photo-1414490929659-9a12b7e31907?ixlib=rb-0.3.5&q=80&fm=jpg&crop=entropy&cs=tinysrgb&w=400&fit=max&s=c690350da0df4576aa54b897f2a2af0d",
        "thumb": "https://images.unsplash.com/photo-1414490929659-9a12b7e31907?ixlib=rb-0.3.5&q=80&fm=jpg&crop=entropy&cs=tinysrgb&w=200&fit=max&s=ce071211a6ab47ea6ea4e22d1d172449"
      },
      "user": {
        "bio": null,
        "first_name": "Joschko",
        "id": "po9gD9Nwmy8",
        "last_name": "Hammermann",
        "links": {
          "followers": "https://api.unsplash.com/users/hmmrmnn/followers",
          "following": "https://api.unsplash.com/users/hmmrmnn/following",
          "html": "https://unsplash.com/@hmmrmnn",
          "likes": "https://api.unsplash.com/users/hmmrmnn/likes",
          "photos": "https://api.unsplash.com/users/hmmrmnn/photos",
          "portfolio": "https://api.unsplash.com/users/hmmrmnn/portfolio",
          "self": "https://api.unsplash.com/users/hmmrmnn"
        },
        "location": null,
        "name": "Joschko Hammermann",
        "portfolio_url": "http://www.joschkohammermann.de",
        "profile_image": {
          "large": "https://images.unsplash.com/placeholder-avatars/extra-large.jpg?ixlib=rb-0.3.5&q=80&fm=jpg&crop=faces&cs=tinysrgb&fit=crop&h=128&w=128&s=ee8bbf5fb8d6e43aaaa238feae2fe90d",
          "medium": "https://images.unsplash.com/placeholder-avatars/extra-large.jpg?ixlib=rb-0.3.5&q=80&fm=jpg&crop=faces&cs=tinysrgb&fit=crop&h=64&w=64&s=356bd4b76a3d4eb97d63f45b818dd358",
          "small": "https://images.unsplash.com/placeholder-avatars/extra-large.jpg?ixlib=rb-0.3.5&q=80&fm=jpg&crop=faces&cs=tinysrgb&fit=crop&h=32&w=32&s=0ad68f44c4725d5a3fda019bab9d3edc"
        },
        "total_collections": 0,
        "total_likes": 2,
        "total_photos": 4,
        "twitter_username": "HMMRMNN",
        "updated_at": "2017-10-31T03:08:22-04:00",
        "username": "hmmrmnn"
      },
      "width": 3809
    },
    {
      "categories": [],
      "color": "#00100F",
      "created_at": "2017-08-29T00:10:45-04:00",
      "current_user_collections": [],
      "description": "A large white-crested wave on the sea",
      "height": 3322,
      "id": "WITSLZelo0I",
      "liked_by_user": false,
      "likes": 309,
      "links": {
        "download": "https://unsplash.com/photos/WITSLZelo0I/download",
        "download_location": "https://api.unsplash.com/photos/WITSLZelo0I/download",
        "html": "https://unsplash.com/photos/WITSLZelo0I",
        "self": "https://api.unsplash.com/photos/WITSLZelo0I"
      },
      "updated_at": "2017-10-31T17:20:21-04:00",
      "urls": {
        "full": "https://images.unsplash.com/photo-1503979545464-2d70d0769b9e?ixlib=rb-0.3.5&q=85&fm=jpg&crop=entropy&cs=srgb&s=a635c093d7dd4a31decbc99e876d6bdd",
        "raw": "https://images.unsplash.com/photo-1503979545464-2d70d0769b9e",
        "regular": "https://images.unsplash.com/photo-1503979545464-2d70d0769b9e?ixlib=rb-0.3.5&q=80&fm=jpg&crop=entropy&cs=tinysrgb&w=1080&fit=max&s=d90bc29cc060f5ddebf06d4412f665c5",
        "small": "https://images.unsplash.com/photo-1503979545464-2d70d0769b9e?ixlib=rb-0.3.5&q=80&fm=jpg&crop=entropy&cs=tinysrgb&w=400&fit=max&s=ae943b1819c51002408495348134a3e4",
        "thumb": "https://images.unsplash.com/photo-1503979545464-2d70d0769b9e?ixlib=rb-0.3.5&q=80&fm=jpg&crop=entropy&cs=tinysrgb&w=200&fit=max&s=3d6e1a065cb9993f96c6d7c2b9cf1556"
      },
      "user": {
        "bio": "I love taking photo's of natural landscapes, as well as ocean and mountain based activities. My passions are skiing and the ocean, and I travel as often as I can with the intention of showcasing either. If I can educate whilst doing this, I'm happy.",
        "first_name": "Scott",
        "id": "6-ftXvv2dDA",
        "last_name": "Ruzzene",
        "links": {
          "followers": "https://api.unsplash.com/users/scottruz/followers",
          "following": "https://api.unsplash.com/users/scottruz/following",
          "html": "https://unsplash.com/@scottruz",
          "likes": "https://api.unsplash.com/users/scottruz/likes",
          "photos": "https://api.unsplash.com/users/scottruz/photos",
          "portfolio": "https://api.unsplash.com/users/scottruz/portfolio",
          "self": "https://api.unsplash.com/users/scottruz"
        },
        "location": "Wollongong",
        "name": "Scott Ruzzene",
        "portfolio_url": "http://www.scottruzzene.com",
        "profile_image": {
          "large": "https://images.unsplash.com/profile-1503981317453-637094ce5b32?ixlib=rb-0.3.5&q=80&fm=jpg&crop=faces&cs=tinysrgb&fit=crop&h=128&w=128&s=ee2a1a9e5e3ef6465da623273900f936",
          "medium": "https://images.unsplash.com/profile-1503981317453-637094ce5b32?ixlib=rb-0.3.5&q=80&fm=jpg&crop=faces&cs=tinysrgb&fit=crop&h=64&w=64&s=952db8fd34df7829c970bbc81ada3575",
          "small": "https://images.unsplash.com/profile-1503981317453-637094ce5b32?ixlib=rb-0.3.5&q=80&fm=jpg&crop=faces&cs=tinysrgb&fit=crop&h=32&w=32&s=ad7495e931f01fcf2e16e13a8b27309a"
        },
        "total_collections": 0,
        "total_likes": 10,
        "total_photos": 9,
        "twitter_username": null,
        "updated_at": "2017-10-31T14:58:00-04:00",
        "username": "scottruz"
      },
      "width": 2229
    },
    {
      "categories": [],
      "color": "#010000",
      "created_at": "2017-03-15T23:12:24-04:00",
      "current_user_collections": [],
      "description": "A surfer wearing a wetsuit, walking along the Carlsbad beach towards the sea, carrying a yellow surfboard",
      "height": 5472,
      "id": "p01IGh_HxtM",
      "liked_by_user": false,
      "likes": 75,
      "links": {
        "download": "https://unsplash.com/photos/p01IGh_HxtM/download",
        "download_location": "https://api.unsplash.com/photos/p01IGh_HxtM/download",
        "html": "https://unsplash.com/photos/p01IGh_HxtM",
        "self": "https://api.unsplash.com/photos/p01IGh_HxtM"
      },
      "updated_at": "2017-10-31T10:31:17-04:00",
      "urls": {
        "full": "https://images.unsplash.com/photo-1489633908075-1c914e8ee5ea?ixlib=rb-0.3.5&q=85&fm=jpg&crop=entropy&cs=srgb&s=4bfdc51e2be0c443e77fd59adcb4bd7e",
        "raw": "https://images.unsplash.com/photo-1489633908075-1c914e8ee5ea",
        "regular": "https://images.unsplash.com/photo-1489633908075-1c914e8ee5ea?ixlib=rb-0.3.5&q=80&fm=jpg&crop=entropy&cs=tinysrgb&w=1080&fit=max&s=bedbdab2362f2ba2ec9ab3f246baa256",
        "small": "https://images.unsplash.com/photo-1489633908075-1c914e8ee5ea?ixlib=rb-0.3.5&q=80&fm=jpg&crop=entropy&cs=tinysrgb&w=400&fit=max&s=a2db81c49cb78122a28b0545477c6eaa",
        "thumb": "https://images.unsplash.com/photo-1489633908075-1c914e8ee5ea?ixlib=rb-0.3.5&q=80&fm=jpg&crop=entropy&cs=tinysrgb&w=200&fit=max&s=67655b97ce49e53ba89ebab2db5ac6d4"
      },
      "user": {
        "bio": null,
        "first_name": "Blake",
        "id": "gThIKjiNERI",
        "last_name": "Hunter",
        "links": {
          "followers": "https://api.unsplash.com/users/blakeh/followers",
          "following": "https://api.unsplash.com/users/blakeh/following",
          "html": "https://unsplash.com/@blakeh",
          "likes": "https://api.unsplash.com/users/blakeh/likes",
          "photos": "https://api.unsplash.com/users/blakeh/photos",
          "portfolio": "https://api.unsplash.com/users/blakeh/portfolio",
          "self": "https://api.unsplash.com/users/blakeh"
        },
        "location": null,
        "name": "Blake Hunter",
        "portfolio_url": null,
        "profile_image": {
          "large": "https://images.unsplash.com/profile-fb-1489632856-9cbc73cc74ae.jpg?ixlib=rb-0.3.5&q=80&fm=jpg&crop=faces&cs=tinysrgb&fit=crop&h=128&w=128&s=9f3c00b67c85964e5a69dcf1ac02805b",
          "medium": "https://images.unsplash.com/profile-fb-1489632856-9cbc73cc74ae.jpg?ixlib=rb-0.3.5&q=80&fm=jpg&crop=faces&cs=tinysrgb&fit=crop&h=64&w=64&s=527b00533eb5f9697e20036ff4d21bd9",
          "small": "https://images.unsplash.com/profile-fb-1489632856-9cbc73cc74ae.jpg?ixlib=rb-0.3.5&q=80&fm=jpg&crop=faces&cs=tinysrgb&fit=crop&h=32&w=32&s=0abe808684b12ed527b8daafdbe0b2aa"
        },
        "total_collections": 0,
        "total_likes": 2,
        "total_photos": 8,
        "twitter_username": null,
        "updated_at": "2017-10-31T12:38:07-04:00",
        "username": "blakeh"
      },
      "width": 3648
    },
    {
      "categories": [],
      "color": "#D0EFEE",
      "created_at": "2017-09-21T15:07:51-04:00",
      "current_user_collections": [],
      "description": null,
      "height": 3297,
      "id": "ZTYsLqFUMcI",
      "liked_by_user": false,
      "likes": 803,
      "links": {
        "download": "https://unsplash.com/photos/ZTYsLqFUMcI/download",
        "download_location": "https://api.unsplash.com/photos/ZTYsLqFUMcI/download",
        "html": "https://unsplash.com/photos/ZTYsLqFUMcI",
        "self": "https://api.unsplash.com/photos/ZTYsLqFUMcI"
      },
      "updated_at": "2017-11-02T15:33:55-04:00",
      "urls": {
        "full": "https://images.unsplash.com/photo-1506020647804-b04ee956dc04?ixlib=rb-0.3.5&q=85&fm=jpg&crop=entropy&cs=srgb&s=bd654be29b0c5c56e05eb667bb06548d",
        "raw": "https://images.unsplash.com/photo-1506020647804-b04ee956dc04",
        "regular": "https://images.unsplash.com/photo-1506020647804-b04ee956dc04?ixlib=rb-0.3.5&q=80&fm=jpg&crop=entropy&cs=tinysrgb&w=1080&fit=max&s=589f7fb895d7aee78b5aa4a6a6d0ef8c",
        "small": "https://images.unsplash.com/photo-1506020647804-b04ee956dc04?ixlib=rb-0.3.5&q=80&fm=jpg&crop=entropy&cs=tinysrgb&w=400&fit=max&s=7c6e2cba5a4e6d63b5bed13a688aeb38",
        "thumb": "https://images.unsplash.com/photo-1506020647804-b04ee956dc04?ixlib=rb-0.3.5&q=80&fm=jpg&crop=entropy&cs=tinysrgb&w=200&fit=max&s=7809366c534b4c846e53646b2ab08541"
      },
      "user": {
        "bio": "Playing for legacy...",
        "first_name": "Adam",
        "id": "9PjVTaGzKX8",
        "last_name": "Krowitz",
        "links": {
          "followers": "https://api.unsplash.com/users/thedroneman/followers",
          "following": "https://api.unsplash.com/users/thedroneman/following",
          "html": "https://unsplash.com/@thedroneman",
          "likes": "https://api.unsplash.com/users/thedroneman/likes",
          "photos": "https://api.unsplash.com/users/thedroneman/photos",
          "portfolio": "https://api.unsplash.com/users/thedroneman/portfolio",
          "self": "https://api.unsplash.com/users/thedroneman"
        },
        "location": "Australia",
        "name": "Adam Krowitz",
        "portfolio_url": "http://www.instagram.com/thedroneman",
        "profile_image": {
          "large": "https://images.unsplash.com/profile-fb-1506020012-dff750b2cdce.jpg?ixlib=rb-0.3.5&q=80&fm=jpg&crop=faces&cs=tinysrgb&fit=crop&h=128&w=128&s=2c7891e0be44f710bfe5648108db2b8e",
          "medium": "https://images.unsplash.com/profile-fb-1506020012-dff750b2cdce.jpg?ixlib=rb-0.3.5&q=80&fm=jpg&crop=faces&cs=tinysrgb&fit=crop&h=64&w=64&s=906c65db2a41f0d11ef353cd562db77d",
          "small": "https://images.unsplash.com/profile-fb-1506020012-dff750b2cdce.jpg?ixlib=rb-0.3.5&q=80&fm=jpg&crop=faces&cs=tinysrgb&fit=crop&h=32&w=32&s=a5161f62623b3b69cc0d976bd809c740"
        },
        "total_collections": 1,
        "total_likes": 21,
        "total_photos": 7,
        "twitter_username": null,
        "updated_at": "2017-11-11T23:19:47-05:00",
        "username": "thedroneman"
      },
      "width": 2578
    },
    {
      "categories": [],
      "color": "#060202",
      "created_at": "2017-05-26T13:26:03-04:00",
      "current_user_collections": [],
      "description": "Four surfboards on racks under a thatch roof",
      "height": 3456,
      "id": "I3AMPLzJjW8",
      "liked_by_user": false,
      "likes": 47,
      "links": {
        "download": "https://unsplash.com/photos/I3AMPLzJjW8/download",
        "download_location": "https://api.unsplash.com/photos/I3AMPLzJjW8/download",
        "html": "https://unsplash.com/photos/I3AMPLzJjW8",
        "self": "https://api.unsplash.com/photos/I3AMPLzJjW8"
      },
      "updated_at": "2017-10-31T15:36:48-04:00",
      "urls": {
        "full": "https://images.unsplash.com/photo-1495819427834-1954f20ebb97?ixlib=rb-0.3.5&q=85&fm=jpg&crop=entropy&cs=srgb&s=e626f0e3d862a4fbc95fd6101d409851",
        "raw": "https://images.unsplash.com/photo-1495819427834-1954f20ebb97",
        "regular": "https://images.unsplash.com/photo-1495819427834-1954f20ebb97?ixlib=rb-0.3.5&q=80&fm=jpg&crop=entropy&cs=tinysrgb&w=1080&fit=max&s=12765abb0fee150c2a33cb2e2092f097",
        "small": "https://images.unsplash.com/photo-1495819427834-1954f20ebb97?ixlib=rb-0.3.5&q=80&fm=jpg&crop=entropy&cs=tinysrgb&w=400&fit=max&s=55951be3f274dc35804d06c66ac780fa",
        "thumb": "https://images.unsplash.com/photo-1495819427834-1954f20ebb97?ixlib=rb-0.3.5&q=80&fm=jpg&crop=entropy&cs=tinysrgb&w=200&fit=max&s=313521d41d312570ca317b9a4d19dbac"
      },
      "user": {
        "bio": "I love doing what I do.",
        "first_name": "Joey",
        "id": "LdPisKAiXDc",
        "last_name": "Pilgrim",
        "links": {
          "followers": "https://api.unsplash.com/users/joeypilgrim/followers",
          "following": "https://api.unsplash.com/users/joeypilgrim/following",
          "html": "https://unsplash.com/@joeypilgrim",
          "likes": "https://api.unsplash.com/users/joeypilgrim/likes",
          "photos": "https://api.unsplash.com/users/joeypilgrim/photos",
          "portfolio": "https://api.unsplash.com/users/joeypilgrim/portfolio",
          "self": "https://api.unsplash.com/users/joeypilgrim"
        },
        "location": "Alberta",
        "name": "Joey Pilgrim",
        "portfolio_url": null,
        "profile_image": {
          "large": "https://images.unsplash.com/profile-1493846031863-9ecb8cea5b2b?ixlib=rb-0.3.5&q=80&fm=jpg&crop=faces&cs=tinysrgb&fit=crop&h=128&w=128&s=53dff151a52106c64788b14766f46d4c",
          "medium": "https://images.unsplash.com/profile-1493846031863-9ecb8cea5b2b?ixlib=rb-0.3.5&q=80&fm=jpg&crop=faces&cs=tinysrgb&fit=crop&h=64&w=64&s=cdbe911803f0d444e4c9c72e85af9c39",
          "small": "https://images.unsplash.com/profile-1493846031863-9ecb8cea5b2b?ixlib=rb-0.3.5&q=80&fm=jpg&crop=faces&cs=tinysrgb&fit=crop&h=32&w=32&s=9f72e8ab671892ac24ed58c9922b7062"
        },
        "total_collections": 0,
        "total_likes": 1,
        "total_photos": 7,
        "twitter_username": null,
        "updated_at": "2017-10-31T15:36:48-04:00",
        "username": "joeypilgrim"
      },
      "width": 5184
    },
    {
      "categories": [],
      "color": "#FDFDFE",
      "created_at": "2016-08-13T05:08:00-04:00",
      "current_user_collections": [],
      "description": "An artistic shot from inside a rolling wave, of the splashing surf and the beach and rocks in the background, at O'ahu",
      "height": 3000,
      "id": "FsFGF-ATwKw",
      "liked_by_user": false,
      "likes": 221,
      "links": {
        "download": "https://unsplash.com/photos/FsFGF-ATwKw/download",
        "download_location": "https://api.unsplash.com/photos/FsFGF-ATwKw/download",
        "html": "https://unsplash.com/photos/FsFGF-ATwKw",
        "self": "https://api.unsplash.com/photos/FsFGF-ATwKw"
      },
      "updated_at": "2017-10-31T17:39:15-04:00",
      "urls": {
        "full": "https://images.unsplash.com/photo-1471079222144-ee7466f9b7ff?ixlib=rb-0.3.5&q=85&fm=jpg&crop=entropy&cs=srgb&s=fda0d88251468b954782b0cc151c565f",
        "raw": "https://images.unsplash.com/photo-1471079222144-ee7466f9b7ff",
        "regular": "https://images.unsplash.com/photo-1471079222144-ee7466f9b7ff?ixlib=rb-0.3.5&q=80&fm=jpg&crop=entropy&cs=tinysrgb&w=1080&fit=max&s=cf5fe5844c0a7816f3a657b8a6ba7225",
        "small": "https://images.unsplash.com/photo-1471079222144-ee7466f9b7ff?ixlib=rb-0.3.5&q=80&fm=jpg&crop=entropy&cs=tinysrgb&w=400&fit=max&s=21fc0feb7f19d4cb84b108ee11395ea0",
        "thumb": "https://images.unsplash.com/photo-1471079222144-ee7466f9b7ff?ixlib=rb-0.3.5&q=80&fm=jpg&crop=entropy&cs=tinysrgb&w=200&fit=max&s=687667e7859d5620f6a2d6f863023401"
      },
      "user": {
        "bio": "@tidesinourveins\r\nGlobal Expeditions |\r\nSurf Photography |\r\nAdventure photography \r\n",
        "first_name": "Jeremy",
        "id": "fbPZwdKgWWs",
        "last_name": "Bishop",
        "links": {
          "followers": "https://api.unsplash.com/users/tidesinourveins/followers",
          "following": "https://api.unsplash.com/users/tidesinourveins/following",
          "html": "https://unsplash.com/@tidesinourveins",
          "likes": "https://api.unsplash.com/users/tidesinourveins/likes",
          "photos": "https://api.unsplash.com/users/tidesinourveins/photos",
          "portfolio": "https://api.unsplash.com/users/tidesinourveins/portfolio",
          "self": "https://api.unsplash.com/users/tidesinourveins"
        },
        "location": "California",
        "name": "Jeremy Bishop",
        "portfolio_url": "http://jeremybishopphotography.com",
        "profile_image": {
          "large": "https://images.unsplash.com/profile-1475405901109-04b2f633a548?ixlib=rb-0.3.5&q=80&fm=jpg&crop=faces&cs=tinysrgb&fit=crop&h=128&w=128&s=07596ffc8a1763674708a2d8500f2427",
          "medium": "https://images.unsplash.com/profile-1475405901109-04b2f633a548?ixlib=rb-0.3.5&q=80&fm=jpg&crop=faces&cs=tinysrgb&fit=crop&h=64&w=64&s=164eaa85bd58a3e71871d0387246310c",
          "small": "https://images.unsplash.com/profile-1475405901109-04b2f633a548?ixlib=rb-0.3.5&q=80&fm=jpg&crop=faces&cs=tinysrgb&fit=crop&h=32&w=32&s=8bb5a4dcbbe82648e3c78eb143435886"
        },
        "total_collections": 15,
        "total_likes": 3196,
        "total_photos": 650,
        "twitter_username": null,
        "updated_at": "2017-11-11T19:29:54-05:00",
        "username": "tidesinourveins"
      },
      "width": 4000
    },
    {
      "categories": [],
      "color": "#121C1D",
      "created_at": "2017-08-16T21:35:23-04:00",
      "current_user_collections": [],
      "description": null,
      "height": 3456,
      "id": "TII6axq3eo4",
      "liked_by_user": false,
      "likes": 54,
      "links": {
        "download": "https://unsplash.com/photos/TII6axq3eo4/download",
        "download_location": "https://api.unsplash.com/photos/TII6axq3eo4/download",
        "html": "https://unsplash.com/photos/TII6axq3eo4",
        "self": "https://api.unsplash.com/photos/TII6axq3eo4"
      },
      "updated_at": "2017-10-31T14:56:02-04:00",
      "urls": {
        "full": "https://images.unsplash.com/photo-1502933691298-84fc14542831?ixlib=rb-0.3.5&q=85&fm=jpg&crop=entropy&cs=srgb&s=a18262a17357bb3deecfc9209e429103",
        "raw": "https://images.unsplash.com/photo-1502933691298-84fc14542831",
        "regular": "https://images.unsplash.com/photo-1502933691298-84fc14542831?ixlib=rb-0.3.5&q=80&fm=jpg&crop=entropy&cs=tinysrgb&w=1080&fit=max&s=f020c970fb9ffca6cc7ecccafa8f0ca9",
        "small": "https://images.unsplash.com/photo-1502933691298-84fc14542831?ixlib=rb-0.3.5&q=80&fm=jpg&crop=entropy&cs=tinysrgb&w=400&fit=max&s=2c59183f42cc6f486db553ac643ad6d8",
        "thumb": "https://images.unsplash.com/photo-1502933691298-84fc14542831?ixlib=rb-0.3.5&q=80&fm=jpg&crop=entropy&cs=tinysrgb&w=200&fit=max&s=7a41dfc25123d8e523fae298264d680c"
      },
      "user": {
        "bio": null,
        "first_name": "Joseph",
        "id": "ufi0atMWOOE",
        "last_name": "Greve",
        "links": {
          "followers": "https://api.unsplash.com/users/lime517/followers",
          "following": "https://api.unsplash.com/users/lime517/following",
          "html": "https://unsplash.com/@lime517",
          "likes": "https://api.unsplash.com/users/lime517/likes",
          "photos": "https://api.unsplash.com/users/lime517/photos",
          "portfolio": "https://api.unsplash.com/users/lime517/portfolio",
          "self": "https://api.unsplash.com/users/lime517"
        },
        "location": "Grand Rapids, Michigan.",
        "name": "Joseph Greve",
        "portfolio_url": "http://josephgreve.co",
        "profile_image": {
          "large": "https://images.unsplash.com/profile-1502802103232-2b43726e9f5b?ixlib=rb-0.3.5&q=80&fm=jpg&crop=faces&cs=tinysrgb&fit=crop&h=128&w=128&s=16720f80ceb24b0e5843e28824b02093",
          "medium": "https://images.unsplash.com/profile-1502802103232-2b43726e9f5b?ixlib=rb-0.3.5&q=80&fm=jpg&crop=faces&cs=tinysrgb&fit=crop&h=64&w=64&s=86a5079d9f0832bfa53784cfb0be9a44",
          "small": "https://images.unsplash.com/profile-1502802103232-2b43726e9f5b?ixlib=rb-0.3.5&q=80&fm=jpg&crop=faces&cs=tinysrgb&fit=crop&h=32&w=32&s=de371b3a95b365ecce5e0b31a3a71bf4"
        },
        "total_collections": 0,
        "total_likes": 112,
        "total_photos": 21,
        "twitter_username": null,
        "updated_at": "2017-11-10T12:51:21-05:00",
        "username": "lime517"
      },
      "width": 5184
    },
    {
      "categories": [],
      "color": "#A0AFB8",
      "created_at": "2016-10-20T00:26:39-04:00",
      "current_user_collections": [],
      "description": "Two surfers on their boards in the calm sea, shot overhead by drone",
      "height": 2242,
      "id": "y1eZFrr4MQ0",
      "liked_by_user": false,
      "likes": 248,
      "links": {
        "download": "https://unsplash.com/photos/y1eZFrr4MQ0/download",
        "download_location": "https://api.unsplash.com/photos/y1eZFrr4MQ0/download",
        "html": "https://unsplash.com/photos/y1eZFrr4MQ0",
        "self": "https://api.unsplash.com/photos/y1eZFrr4MQ0"
      },
      "updated_at": "2017-10-28T16:12:17-04:00",
      "urls": {
        "full": "https://images.unsplash.com/photo-1476937578872-e13654674462?ixlib=rb-0.3.5&q=85&fm=jpg&crop=entropy&cs=srgb&s=c6eae944bb2d05d1c53da53e83061515",
        "raw": "https://images.unsplash.com/photo-1476937578872-e13654674462",
        "regular": "https://images.unsplash.com/photo-1476937578872-e13654674462?ixlib=rb-0.3.5&q=80&fm=jpg&crop=entropy&cs=tinysrgb&w=1080&fit=max&s=1f9a79cc9e3ca742aa95fce73a5bc991",
        "small": "https://images.unsplash.com/photo-1476937578872-e13654674462?ixlib=rb-0.3.5&q=80&fm=jpg&crop=entropy&cs=tinysrgb&w=400&fit=max&s=b4e562cb276024e9c2f836b5dd6790b6",
        "thumb": "https://images.unsplash.com/photo-1476937578872-e13654674462?ixlib=rb-0.3.5&q=80&fm=jpg&crop=entropy&cs=tinysrgb&w=200&fit=max&s=6226319a840b3a18ee7a09c56139f413"
      },
      "user": {
        "bio": "Let your thoughts float out and capture the moment...\r\n\"Follow me on Instagram\"\r\n@sethdoylee \r\n",
        "first_name": "Seth",
        "id": "jL6nnzyV8FY",
        "last_name": "Doyle",
        "links": {
          "followers": "https://api.unsplash.com/users/sethdoylee/followers",
          "following": "https://api.unsplash.com/users/sethdoylee/following",
          "html": "https://unsplash.com/@sethdoylee",
          "likes": "https://api.unsplash.com/users/sethdoylee/likes",
          "photos": "https://api.unsplash.com/users/sethdoylee/photos",
          "portfolio": "https://api.unsplash.com/users/sethdoylee/portfolio",
          "self": "https://api.unsplash.com/users/sethdoylee"
        },
        "location": "Jacksonville, Florida ",
        "name": "Seth Doyle",
        "portfolio_url": "https://sethdoyle.com/",
        "profile_image": {
          "large": "https://images.unsplash.com/profile-1476974565719-5d2fa1c11d41?ixlib=rb-0.3.5&q=80&fm=jpg&crop=faces&cs=tinysrgb&fit=crop&h=128&w=128&s=086263f4ce3746dbf8e88257e569668c",
          "medium": "https://images.unsplash.com/profile-1476974565719-5d2fa1c11d41?ixlib=rb-0.3.5&q=80&fm=jpg&crop=faces&cs=tinysrgb&fit=crop&h=64&w=64&s=2321178ec970e4f64acd43cb17c6ea94",
          "small": "https://images.unsplash.com/profile-1476974565719-5d2fa1c11d41?ixlib=rb-0.3.5&q=80&fm=jpg&crop=faces&cs=tinysrgb&fit=crop&h=32&w=32&s=a76c288f7f284b61cc39f0e70603fb68"
        },
        "total_collections": 0,
        "total_likes": 10,
        "total_photos": 92,
        "twitter_username": null,
        "updated_at": "2017-11-12T02:37:28-05:00",
        "username": "sethdoylee"
      },
      "width": 3401
    },
    {
      "categories": [],
      "color": "#101217",
      "created_at": "2017-08-14T16:37:40-04:00",
      "current_user_collections": [],
      "description": null,
      "height": 2670,
      "id": "iRUTbnpJvlA",
      "liked_by_user": false,
      "likes": 14,
      "links": {
        "download": "https://unsplash.com/photos/iRUTbnpJvlA/download",
        "download_location": "https://api.unsplash.com/photos/iRUTbnpJvlA/download",
        "html": "https://unsplash.com/photos/iRUTbnpJvlA",
        "self": "https://api.unsplash.com/photos/iRUTbnpJvlA"
      },
      "updated_at": "2017-10-28T08:54:56-04:00",
      "urls": {
        "full": "https://images.unsplash.com/photo-1502742783827-bc4bbe7fc868?ixlib=rb-0.3.5&q=85&fm=jpg&crop=entropy&cs=srgb&s=65639f09594be4907336b6b887a76fe6",
        "raw": "https://images.unsplash.com/photo-1502742783827-bc4bbe7fc868",
        "regular": "https://images.unsplash.com/photo-1502742783827-bc4bbe7fc868?ixlib=rb-0.3.5&q=80&fm=jpg&crop=entropy&cs=tinysrgb&w=1080&fit=max&s=6f16ed597f588a1558818959b187f45b",
        "small": "https://images.unsplash.com/photo-1502742783827-bc4bbe7fc868?ixlib=rb-0.3.5&q=80&fm=jpg&crop=entropy&cs=tinysrgb&w=400&fit=max&s=f6cc274cd054bfaca11ff346c6d0697b",
        "thumb": "https://images.unsplash.com/photo-1502742783827-bc4bbe7fc868?ixlib=rb-0.3.5&q=80&fm=jpg&crop=entropy&cs=tinysrgb&w=200&fit=max&s=92c83892a1733a55ee86589d2c51cd69"
      },
      "user": {
        "bio": "I'm Pierre, French travel photographer: Stills & Motions. Helping others tell their stories through my craft.\r\nInstagram 👉 instagram.com/pierretlambert\r\nYoutube Travel channel 👉 youtube.com/PierreTL ",
        "first_name": "Pierre T.",
        "id": "Wk3UKkDMIpo",
        "last_name": "Lambert",
        "links": {
          "followers": "https://api.unsplash.com/users/pierretlambert/followers",
          "following": "https://api.unsplash.com/users/pierretlambert/following",
          "html": "https://unsplash.com/@pierretlambert",
          "likes": "https://api.unsplash.com/users/pierretlambert/likes",
          "photos": "https://api.unsplash.com/users/pierretlambert/photos",
          "portfolio": "https://api.unsplash.com/users/pierretlambert/portfolio",
          "self": "https://api.unsplash.com/users/pierretlambert"
        },
        "location": "new york city",
        "name": "Pierre T. Lambert",
        "portfolio_url": "https://pierretlambert.com",
        "profile_image": {
          "large": "https://images.unsplash.com/profile-1502554787076-2b03ce7bb6ea?ixlib=rb-0.3.5&q=80&fm=jpg&crop=faces&cs=tinysrgb&fit=crop&h=128&w=128&s=05661520bb12a1125c2c3800bc3f179c",
          "medium": "https://images.unsplash.com/profile-1502554787076-2b03ce7bb6ea?ixlib=rb-0.3.5&q=80&fm=jpg&crop=faces&cs=tinysrgb&fit=crop&h=64&w=64&s=c971ff421d9a415eb70c765d4ef99d7d",
          "small": "https://images.unsplash.com/profile-1502554787076-2b03ce7bb6ea?ixlib=rb-0.3.5&q=80&fm=jpg&crop=faces&cs=tinysrgb&fit=crop&h=32&w=32&s=1f54f5b1afa1e43d149146f1ab3b849a"
        },
        "total_collections": 0,
        "total_likes": 7,
        "total_photos": 5,
        "twitter_username": "pierretlambert",
        "updated_at": "2017-10-31T23:29:41-04:00",
        "username": "pierretlambert"
      },
      "width": 4000
    },
    {
      "categories": [],
      "color": "#EFD3BB",
      "created_at": "2016-10-05T18:39:08-04:00",
      "current_user_collections": [],
      "description": "A surfer in the sea at Ocean City, with birds flying over the water and the sun setting over the horizon",
      "height": 3169,
      "id": "d1FZlcQM9uE",
      "liked_by_user": false,
      "likes": 98,
      "links": {
        "download": "https://unsplash.com/photos/d1FZlcQM9uE/download",
        "download_location": "https://api.unsplash.com/photos/d1FZlcQM9uE/download",
        "html": "https://unsplash.com/photos/d1FZlcQM9uE",
        "self": "https://api.unsplash.com/photos/d1FZlcQM9uE"
      },
      "updated_at": "2017-10-25T17:08:13-04:00",
      "urls": {
        "full": "https://images.unsplash.com/photo-1475706997440-9f2a24435b83?ixlib=rb-0.3.5&q=85&fm=jpg&crop=entropy&cs=srgb&s=703cf6efefe2eb5674dc596a126449da",
        "raw": "https://images.unsplash.com/photo-1475706997440-9f2a24435b83",
        "regular": "https://images.unsplash.com/photo-1475706997440-9f2a24435b83?ixlib=rb-0.3.5&q=80&fm=jpg&crop=entropy&cs=tinysrgb&w=1080&fit=max&s=871f484005c2834a9d6f0a4cb4d9de5f",
        "small": "https://images.unsplash.com/photo-1475706997440-9f2a24435b83?ixlib=rb-0.3.5&q=80&fm=jpg&crop=entropy&cs=tinysrgb&w=400&fit=max&s=7c225a2b9adcb465ec034071dd6534d7",
        "thumb": "https://images.unsplash.com/photo-1475706997440-9f2a24435b83?ixlib=rb-0.3.5&q=80&fm=jpg&crop=entropy&cs=tinysrgb&w=200&fit=max&s=4d573481c49550c095a2ddf9b1eac927"
      },
      "user": {
        "bio": "instagram @picsbyasaf\r\n",
        "first_name": "Asaf",
        "id": "uoKqhIgMyr8",
        "last_name": "R",
        "links": {
          "followers": "https://api.unsplash.com/users/asafyrov/followers",
          "following": "https://api.unsplash.com/users/asafyrov/following",
          "html": "https://unsplash.com/@asafyrov",
          "likes": "https://api.unsplash.com/users/asafyrov/likes",
          "photos": "https://api.unsplash.com/users/asafyrov/photos",
          "portfolio": "https://api.unsplash.com/users/asafyrov/portfolio",
          "self": "https://api.unsplash.com/users/asafyrov"
        },
        "location": "NJ",
        "name": "Asaf R",
        "portfolio_url": "https://www.youtube.com/c/asaprov",
        "profile_image": {
          "large": "https://images.unsplash.com/profile-1499120464375-feee8a4bb490?ixlib=rb-0.3.5&q=80&fm=jpg&crop=faces&cs=tinysrgb&fit=crop&h=128&w=128&s=0cadf59c6aacbd2021bab26a50149624",
          "medium": "https://images.unsplash.com/profile-1499120464375-feee8a4bb490?ixlib=rb-0.3.5&q=80&fm=jpg&crop=faces&cs=tinysrgb&fit=crop&h=64&w=64&s=5a52f595d0b350f9c47741647933aab6",
          "small": "https://images.unsplash.com/profile-1499120464375-feee8a4bb490?ixlib=rb-0.3.5&q=80&fm=jpg&crop=faces&cs=tinysrgb&fit=crop&h=32&w=32&s=d425c9ca299abe9b6e3adf7e761fd529"
        },
        "total_collections": 2,
        "total_likes": 1,
        "total_photos": 71,
        "twitter_username": "asafrov",
        "updated_at": "2017-11-11T18:20:04-05:00",
        "username": "asafyrov"
      },
      "width": 4366
    },
    {
      "categories": [],
      "color": "#ACACA9",
      "created_at": "2015-11-06T15:16:26-05:00",
      "current_user_collections": [],
      "description": "The front of a surfboard in the water facing the sun in Peniche",
      "height": 2448,
      "id": "eyXArRm5tyY",
      "liked_by_user": false,
      "likes": 133,
      "links": {
        "download": "https://unsplash.com/photos/eyXArRm5tyY/download",
        "download_location": "https://api.unsplash.com/photos/eyXArRm5tyY/download",
        "html": "https://unsplash.com/photos/eyXArRm5tyY",
        "self": "https://api.unsplash.com/photos/eyXArRm5tyY"
      },
      "updated_at": "2017-10-31T17:15:53-04:00",
      "urls": {
        "full": "https://images.unsplash.com/photo-1446840959065-353c3a3731a9?ixlib=rb-0.3.5&q=85&fm=jpg&crop=entropy&cs=srgb&s=8477153f3e37ea59920d3e6ebd3368fd",
        "raw": "https://images.unsplash.com/photo-1446840959065-353c3a3731a9",
        "regular": "https://images.unsplash.com/photo-1446840959065-353c3a3731a9?ixlib=rb-0.3.5&q=80&fm=jpg&crop=entropy&cs=tinysrgb&w=1080&fit=max&s=8f0e8ce1b4dfb25af9768c887f396219",
        "small": "https://images.unsplash.com/photo-1446840959065-353c3a3731a9?ixlib=rb-0.3.5&q=80&fm=jpg&crop=entropy&cs=tinysrgb&w=400&fit=max&s=06152defdf7e0ad08c922280f6b7e920",
        "thumb": "https://images.unsplash.com/photo-1446840959065-353c3a3731a9?ixlib=rb-0.3.5&q=80&fm=jpg&crop=entropy&cs=tinysrgb&w=200&fit=max&s=a9772330da4b6bc5ba4507047487b51d"
      },
      "user": {
        "bio": "Please follow me on Instagram @robjbye or drop me an email at hello@robertbye.com",
        "first_name": "Rob",
        "id": "oadtZo3G3eM",
        "last_name": "Bye",
        "links": {
          "followers": "https://api.unsplash.com/users/robertbye/followers",
          "following": "https://api.unsplash.com/users/robertbye/following",
          "html": "https://unsplash.com/@robertbye",
          "likes": "https://api.unsplash.com/users/robertbye/likes",
          "photos": "https://api.unsplash.com/users/robertbye/photos",
          "portfolio": "https://api.unsplash.com/users/robertbye/portfolio",
          "self": "https://api.unsplash.com/users/robertbye"
        },
        "location": "London",
        "name": "Rob Bye",
        "portfolio_url": "http://www.instagram.com/robjbye",
        "profile_image": {
          "large": "https://images.unsplash.com/profile-1469881805705-07770f4fb50f?ixlib=rb-0.3.5&q=80&fm=jpg&crop=faces&cs=tinysrgb&fit=crop&h=128&w=128&s=820b172075e1619cf9dcc42c0ebe507f",
          "medium": "https://images.unsplash.com/profile-1469881805705-07770f4fb50f?ixlib=rb-0.3.5&q=80&fm=jpg&crop=faces&cs=tinysrgb&fit=crop&h=64&w=64&s=5ba1135ec48178022614240f0da7c6c1",
          "small": "https://images.unsplash.com/profile-1469881805705-07770f4fb50f?ixlib=rb-0.3.5&q=80&fm=jpg&crop=faces&cs=tinysrgb&fit=crop&h=32&w=32&s=2a20914793e1e3ad74f374eb196bb153"
        },
        "total_collections": 3,
        "total_likes": 56,
        "total_photos": 235,
        "twitter_username": "RobJBye",
        "updated_at": "2017-11-10T03:38:58-05:00",
        "username": "robertbye"
      },
      "width": 3264
    },
    {
      "categories": [],
      "color": "#172124",
      "created_at": "2016-01-04T16:42:46-05:00",
      "current_user_collections": [],
      "description": "A surfer riding a wave on a green ocean with the wave breaking behind them",
      "height": 3376,
      "id": "m60jAO-wLQE",
      "liked_by_user": false,
      "likes": 94,
      "links": {
        "download": "https://unsplash.com/photos/m60jAO-wLQE/download",
        "download_location": "https://api.unsplash.com/photos/m60jAO-wLQE/download",
        "html": "https://unsplash.com/photos/m60jAO-wLQE",
        "self": "https://api.unsplash.com/photos/m60jAO-wLQE"
      },
      "updated_at": "2017-10-29T14:06:37-04:00",
      "urls": {
        "full": "https://images.unsplash.com/photo-1451943744133-d6335204a0a3?ixlib=rb-0.3.5&q=85&fm=jpg&crop=entropy&cs=srgb&s=8ee8a1f3de3a4ae9ed6c1ff3eb020114",
        "raw": "https://images.unsplash.com/photo-1451943744133-d6335204a0a3",
        "regular": "https://images.unsplash.com/photo-1451943744133-d6335204a0a3?ixlib=rb-0.3.5&q=80&fm=jpg&crop=entropy&cs=tinysrgb&w=1080&fit=max&s=5bbed2bf45131fee74a07dad959bff4d",
        "small": "https://images.unsplash.com/photo-1451943744133-d6335204a0a3?ixlib=rb-0.3.5&q=80&fm=jpg&crop=entropy&cs=tinysrgb&w=400&fit=max&s=76d8469f51322a1de04ac56b90db9eb7",
        "thumb": "https://images.unsplash.com/photo-1451943744133-d6335204a0a3?ixlib=rb-0.3.5&q=80&fm=jpg&crop=entropy&cs=tinysrgb&w=200&fit=max&s=d350d31ef70f49f8d8d697b8e07da973"
      },
      "user": {
        "bio": "You're great. ",
        "first_name": "Cameron",
        "id": "mygX5zA-01o",
        "last_name": "Kirby",
        "links": {
          "followers": "https://api.unsplash.com/users/ckirby/followers",
          "following": "https://api.unsplash.com/users/ckirby/following",
          "html": "https://unsplash.com/@ckirby",
          "likes": "https://api.unsplash.com/users/ckirby/likes",
          "photos": "https://api.unsplash.com/users/ckirby/photos",
          "portfolio": "https://api.unsplash.com/users/ckirby/portfolio",
          "self": "https://api.unsplash.com/users/ckirby"
        },
        "location": "SLC, UT",
        "name": "Cameron Kirby",
        "portfolio_url": "http://www.cameronmkirby.com/digitaldownloads",
        "profile_image": {
          "large": "https://images.unsplash.com/profile-1507257293189-39b0b24922fe?ixlib=rb-0.3.5&q=80&fm=jpg&crop=faces&cs=tinysrgb&fit=crop&h=128&w=128&s=66f8f3929a6feb6b0938efde9b57472d",
          "medium": "https://images.unsplash.com/profile-1507257293189-39b0b24922fe?ixlib=rb-0.3.5&q=80&fm=jpg&crop=faces&cs=tinysrgb&fit=crop&h=64&w=64&s=2965983be9522d7dbdd3eeb4973ca60c",
          "small": "https://images.unsplash.com/profile-1507257293189-39b0b24922fe?ixlib=rb-0.3.5&q=80&fm=jpg&crop=faces&cs=tinysrgb&fit=crop&h=32&w=32&s=6c06558390a8eabf4526d67226f39784"
        },
        "total_collections": 0,
        "total_likes": 55,
        "total_photos": 94,
        "twitter_username": "cameronmkirby",
        "updated_at": "2017-11-12T02:41:17-05:00",
        "username": "ckirby"
      },
      "width": 6000
    },
    {
      "categories": [],
      "color": "#11313E",
      "created_at": "2017-09-21T15:25:24-04:00",
      "current_user_collections": [],
      "description": null,
      "height": 3393,
      "id": "wXb7b39Mi-o",
      "liked_by_user": false,
      "likes": 189,
      "links": {
        "download": "https://unsplash.com/photos/wXb7b39Mi-o/download",
        "download_location": "https://api.unsplash.com/photos/wXb7b39Mi-o/download",
        "html": "https://unsplash.com/photos/wXb7b39Mi-o",
        "self": "https://api.unsplash.com/photos/wXb7b39Mi-o"
      },
      "updated_at": "2017-11-01T14:23:18-04:00",
      "urls": {
        "full": "https://images.unsplash.com/photo-1506021867745-73b57beb0cb6?ixlib=rb-0.3.5&q=85&fm=jpg&crop=entropy&cs=srgb&s=40923273842e5ce0cfdeeaaedeb107b1",
        "raw": "https://images.unsplash.com/photo-1506021867745-73b57beb0cb6",
        "regular": "https://images.unsplash.com/photo-1506021867745-73b57beb0cb6?ixlib=rb-0.3.5&q=80&fm=jpg&crop=entropy&cs=tinysrgb&w=1080&fit=max&s=aebba5311dff75ef86f0d9ab12130ce6",
        "small": "https://images.unsplash.com/photo-1506021867745-73b57beb0cb6?ixlib=rb-0.3.5&q=80&fm=jpg&crop=entropy&cs=tinysrgb&w=400&fit=max&s=5c5727f0cfbafd1bde72346f09b06499",
        "thumb": "https://images.unsplash.com/photo-1506021867745-73b57beb0cb6?ixlib=rb-0.3.5&q=80&fm=jpg&crop=entropy&cs=tinysrgb&w=200&fit=max&s=91f60e33091cdf69a3721b37efc69a70"
      },
      "user": {
        "bio": "Playing for legacy...",
        "first_name": "Adam",
        "id": "9PjVTaGzKX8",
        "last_name": "Krowitz",
        "links": {
          "followers": "https://api.unsplash.com/users/thedroneman/followers",
          "following": "https://api.unsplash.com/users/thedroneman/following",
          "html": "https://unsplash.com/@thedroneman",
          "likes": "https://api.unsplash.com/users/thedroneman/likes",
          "photos": "https://api.unsplash.com/users/thedroneman/photos",
          "portfolio": "https://api.unsplash.com/users/thedroneman/portfolio",
          "self": "https://api.unsplash.com/users/thedroneman"
        },
        "location": "Australia",
        "name": "Adam Krowitz",
        "portfolio_url": "http://www.instagram.com/thedroneman",
        "profile_image": {
          "large": "https://images.unsplash.com/profile-fb-1506020012-dff750b2cdce.jpg?ixlib=rb-0.3.5&q=80&fm=jpg&crop=faces&cs=tinysrgb&fit=crop&h=128&w=128&s=2c7891e0be44f710bfe5648108db2b8e",
          "medium": "https://images.unsplash.com/profile-fb-1506020012-dff750b2cdce.jpg?ixlib=rb-0.3.5&q=80&fm=jpg&crop=faces&cs=tinysrgb&fit=crop&h=64&w=64&s=906c65db2a41f0d11ef353cd562db77d",
          "small": "https://images.unsplash.com/profile-fb-1506020012-dff750b2cdce.jpg?ixlib=rb-0.3.5&q=80&fm=jpg&crop=faces&cs=tinysrgb&fit=crop&h=32&w=32&s=a5161f62623b3b69cc0d976bd809c740"
        },
        "total_collections": 1,
        "total_likes": 21,
        "total_photos": 7,
        "twitter_username": null,
        "updated_at": "2017-11-11T23:19:47-05:00",
        "username": "thedroneman"
      },
      "width": 2654
    },
    {
      "categories": [],
      "color": "#211F26",
      "created_at": "2016-02-12T03:13:21-05:00",
      "current_user_collections": [],
      "description": "A surfer riding a large wave in the blue sea, underneath a blue sky",
      "height": 1536,
      "id": "7G5dkthFyxA",
      "liked_by_user": false,
      "likes": 126,
      "links": {
        "download": "https://unsplash.com/photos/7G5dkthFyxA/download",
        "download_location": "https://api.unsplash.com/photos/7G5dkthFyxA/download",
        "html": "https://unsplash.com/photos/7G5dkthFyxA",
        "self": "https://api.unsplash.com/photos/7G5dkthFyxA"
      },
      "updated_at": "2017-11-01T10:57:34-04:00",
      "urls": {
        "full": "https://images.unsplash.com/photo-1455264745730-cb3b76250ae8?ixlib=rb-0.3.5&q=85&fm=jpg&crop=entropy&cs=srgb&s=3124b7c01362b4ca7b88e98364b5a7dc",
        "raw": "https://images.unsplash.com/photo-1455264745730-cb3b76250ae8",
        "regular": "https://images.unsplash.com/photo-1455264745730-cb3b76250ae8?ixlib=rb-0.3.5&q=80&fm=jpg&crop=entropy&cs=tinysrgb&w=1080&fit=max&s=c5fe7189023ff64f47b2a8e5230e7ce6",
        "small": "https://images.unsplash.com/photo-1455264745730-cb3b76250ae8?ixlib=rb-0.3.5&q=80&fm=jpg&crop=entropy&cs=tinysrgb&w=400&fit=max&s=67f04e6e228df13e58f39f6608f0d199",
        "thumb": "https://images.unsplash.com/photo-1455264745730-cb3b76250ae8?ixlib=rb-0.3.5&q=80&fm=jpg&crop=entropy&cs=tinysrgb&w=200&fit=max&s=c4e3b8bdf0e6f5e389a94a8bff20659c"
      },
      "user": {
        "bio": "Aloha, my name is Thomas Ashlock; but my friends call me Ben. I'm a guy that works for this small magazine company called National Geographic. I love to travel and live life to the fullest with this cool guy names Jesus. So... yeah...#revival",
        "first_name": "Thomas",
        "id": "LpbVLWPhwGE",
        "last_name": "Ashlock",
        "links": {
          "followers": "https://api.unsplash.com/users/thomas_ashlock/followers",
          "following": "https://api.unsplash.com/users/thomas_ashlock/following",
          "html": "https://unsplash.com/@thomas_ashlock",
          "likes": "https://api.unsplash.com/users/thomas_ashlock/likes",
          "photos": "https://api.unsplash.com/users/thomas_ashlock/photos",
          "portfolio": "https://api.unsplash.com/users/thomas_ashlock/portfolio",
          "self": "https://api.unsplash.com/users/thomas_ashlock"
        },
        "location": "Mosul, Iraq",
        "name": "Thomas Ashlock",
        "portfolio_url": null,
        "profile_image": {
          "large": "https://images.unsplash.com/profile-fb-1451857802-d3395dcc684f.jpg?ixlib=rb-0.3.5&q=80&fm=jpg&crop=faces&cs=tinysrgb&fit=crop&h=128&w=128&s=535fda4666446f017012fc619146fb69",
          "medium": "https://images.unsplash.com/profile-fb-1451857802-d3395dcc684f.jpg?ixlib=rb-0.3.5&q=80&fm=jpg&crop=faces&cs=tinysrgb&fit=crop&h=64&w=64&s=b4dda9a6e0db3ced365249a53217c367",
          "small": "https://images.unsplash.com/profile-fb-1451857802-d3395dcc684f.jpg?ixlib=rb-0.3.5&q=80&fm=jpg&crop=faces&cs=tinysrgb&fit=crop&h=32&w=32&s=98af779f77d7a1f3f705fa6e111cffe5"
        },
        "total_collections": 0,
        "total_likes": 14,
        "total_photos": 40,
        "twitter_username": null,
        "updated_at": "2017-11-07T10:31:13-05:00",
        "username": "thomas_ashlock"
      },
      "width": 2233
    },
    {
      "categories": [],
      "color": "#060C0E",
      "created_at": "2016-02-11T21:53:41-05:00",
      "current_user_collections": [],
      "description": "A surfer wearing a wetsuit holding his surfboard walking on the sand at Manhattan Beach Pier",
      "height": 2160,
      "id": "fd69oXOM_IY",
      "liked_by_user": false,
      "likes": 73,
      "links": {
        "download": "https://unsplash.com/photos/fd69oXOM_IY/download",
        "download_location": "https://api.unsplash.com/photos/fd69oXOM_IY/download",
        "html": "https://unsplash.com/photos/fd69oXOM_IY",
        "self": "https://api.unsplash.com/photos/fd69oXOM_IY"
      },
      "updated_at": "2017-10-31T17:15:55-04:00",
      "urls": {
        "full": "https://images.unsplash.com/photo-1455245603872-aee2d2cffa55?ixlib=rb-0.3.5&q=85&fm=jpg&crop=entropy&cs=srgb&s=0e47a86e2a443eb2ba944184681a58d4",
        "raw": "https://images.unsplash.com/photo-1455245603872-aee2d2cffa55",
        "regular": "https://images.unsplash.com/photo-1455245603872-aee2d2cffa55?ixlib=rb-0.3.5&q=80&fm=jpg&crop=entropy&cs=tinysrgb&w=1080&fit=max&s=f36d2a9e7d1428a1050ac016df1504b1",
        "small": "https://images.unsplash.com/photo-1455245603872-aee2d2cffa55?ixlib=rb-0.3.5&q=80&fm=jpg&crop=entropy&cs=tinysrgb&w=400&fit=max&s=233d12d45454fc47988853501431eaeb",
        "thumb": "https://images.unsplash.com/photo-1455245603872-aee2d2cffa55?ixlib=rb-0.3.5&q=80&fm=jpg&crop=entropy&cs=tinysrgb&w=200&fit=max&s=d2bb6f853f1321c8ea84232d8439d98d"
      },
      "user": {
        "bio": "Capturing Southern California culture.",
        "first_name": "Jacob",
        "id": "K2IeLZ-aejc",
        "last_name": "Repko",
        "links": {
          "followers": "https://api.unsplash.com/users/jacobrepko/followers",
          "following": "https://api.unsplash.com/users/jacobrepko/following",
          "html": "https://unsplash.com/@jacobrepko",
          "likes": "https://api.unsplash.com/users/jacobrepko/likes",
          "photos": "https://api.unsplash.com/users/jacobrepko/photos",
          "portfolio": "https://api.unsplash.com/users/jacobrepko/portfolio",
          "self": "https://api.unsplash.com/users/jacobrepko"
        },
        "location": "Los Angeles, CA",
        "name": "Jacob Repko",
        "portfolio_url": "http://cuckoosnestwest.com",
        "profile_image": {
          "large": "https://images.unsplash.com/profile-1455245775764-f5c0d6e4ee32?ixlib=rb-0.3.5&q=80&fm=jpg&crop=faces&cs=tinysrgb&fit=crop&h=128&w=128&s=4a0039374bfdfd48bc4d57c71bebf27b",
          "medium": "https://images.unsplash.com/profile-1455245775764-f5c0d6e4ee32?ixlib=rb-0.3.5&q=80&fm=jpg&crop=faces&cs=tinysrgb&fit=crop&h=64&w=64&s=bc2f6e5da6642d6e46dbfacb71f5badb",
          "small": "https://images.unsplash.com/profile-1455245775764-f5c0d6e4ee32?ixlib=rb-0.3.5&q=80&fm=jpg&crop=faces&cs=tinysrgb&fit=crop&h=32&w=32&s=ec6ad007b56a4f5ef28570c69d84d4fc"
        },
        "total_collections": 0,
        "total_likes": 3,
        "total_photos": 12,
        "twitter_username": null,
        "updated_at": "2017-11-08T19:13:27-05:00",
        "username": "jacobrepko"
      },
      "width": 3240
    },
    {
      "categories": [],
      "color": "#353030",
      "created_at": "2017-09-30T14:47:58-04:00",
      "current_user_collections": [],
      "description": null,
      "height": 4032,
      "id": "aF99M98c_uk",
      "liked_by_user": false,
      "likes": 94,
      "links": {
        "download": "https://unsplash.com/photos/aF99M98c_uk/download",
        "download_location": "https://api.unsplash.com/photos/aF99M98c_uk/download",
        "html": "https://unsplash.com/photos/aF99M98c_uk",
        "self": "https://api.unsplash.com/photos/aF99M98c_uk"
      },
      "updated_at": "2017-10-31T05:36:00-04:00",
      "urls": {
        "full": "https://images.unsplash.com/photo-1506797220058-533e019ac7fa?ixlib=rb-0.3.5&q=85&fm=jpg&crop=entropy&cs=srgb&s=92a72393e4900e5cfc2a77ea0aff4182",
        "raw": "https://images.unsplash.com/photo-1506797220058-533e019ac7fa",
        "regular": "https://images.unsplash.com/photo-1506797220058-533e019ac7fa?ixlib=rb-0.3.5&q=80&fm=jpg&crop=entropy&cs=tinysrgb&w=1080&fit=max&s=c4a25588ec804d819b77b3d213c9d125",
        "small": "https://images.unsplash.com/photo-1506797220058-533e019ac7fa?ixlib=rb-0.3.5&q=80&fm=jpg&crop=entropy&cs=tinysrgb&w=400&fit=max&s=e0af7a6a7b08a859c2db18ae80d5bd16",
        "thumb": "https://images.unsplash.com/photo-1506797220058-533e019ac7fa?ixlib=rb-0.3.5&q=80&fm=jpg&crop=entropy&cs=tinysrgb&w=200&fit=max&s=9db8c8fa6368a6af9194f5d6cef5e9d0"
      },
      "user": {
        "bio": "self-taught photographer . based in Lisbon, PT",
        "first_name": "John",
        "id": "SzaaSe3uhK0",
        "last_name": "Jason",
        "links": {
          "followers": "https://api.unsplash.com/users/_johnjase/followers",
          "following": "https://api.unsplash.com/users/_johnjase/following",
          "html": "https://unsplash.com/@_johnjase",
          "likes": "https://api.unsplash.com/users/_johnjase/likes",
          "photos": "https://api.unsplash.com/users/_johnjase/photos",
          "portfolio": "https://api.unsplash.com/users/_johnjase/portfolio",
          "self": "https://api.unsplash.com/users/_johnjase"
        },
        "location": "Portugal",
        "name": "John Jason",
        "portfolio_url": "http://instagram.com/_johnjase",
        "profile_image": {
          "large": "https://images.unsplash.com/profile-1503259035669-fb3ebdab7d00?ixlib=rb-0.3.5&q=80&fm=jpg&crop=faces&cs=tinysrgb&fit=crop&h=128&w=128&s=de41a919b0ae36abafefea4ed2eba8b3",
          "medium": "https://images.unsplash.com/profile-1503259035669-fb3ebdab7d00?ixlib=rb-0.3.5&q=80&fm=jpg&crop=faces&cs=tinysrgb&fit=crop&h=64&w=64&s=48966a5bb0f5e92e06409da5771c9038",
          "small": "https://images.unsplash.com/profile-1503259035669-fb3ebdab7d00?ixlib=rb-0.3.5&q=80&fm=jpg&crop=faces&cs=tinysrgb&fit=crop&h=32&w=32&s=974104f5593512983398f1cf9b2d0c14"
        },
        "total_collections": 6,
        "total_likes": 64,
        "total_photos": 54,
        "twitter_username": null,
        "updated_at": "2017-11-08T20:22:16-05:00",
        "username": "_johnjase"
      },
      "width": 2688
    },
    {
      "categories": [],
      "color": "#0C171A",
      "created_at": "2017-03-09T06:00:01-05:00",
      "current_user_collections": [],
      "description": null,
      "height": 2880,
      "id": "yDS3sLuSM5c",
      "liked_by_user": false,
      "likes": 139,
      "links": {
        "download": "https://unsplash.com/photos/yDS3sLuSM5c/download",
        "download_location": "https://api.unsplash.com/photos/yDS3sLuSM5c/download",
        "html": "https://unsplash.com/photos/yDS3sLuSM5c",
        "self": "https://api.unsplash.com/photos/yDS3sLuSM5c"
      },
      "updated_at": "2017-10-30T13:48:31-04:00",
      "urls": {
        "full": "https://images.unsplash.com/photo-1489057136002-df4191d1622f?ixlib=rb-0.3.5&q=85&fm=jpg&crop=entropy&cs=srgb&s=a339628b11b30f1079d5d3b0ca179ada",
        "raw": "https://images.unsplash.com/photo-1489057136002-df4191d1622f",
        "regular": "https://images.unsplash.com/photo-1489057136002-df4191d1622f?ixlib=rb-0.3.5&q=80&fm=jpg&crop=entropy&cs=tinysrgb&w=1080&fit=max&s=71fdc322621bda7c63d45064a3259128",
        "small": "https://images.unsplash.com/photo-1489057136002-df4191d1622f?ixlib=rb-0.3.5&q=80&fm=jpg&crop=entropy&cs=tinysrgb&w=400&fit=max&s=03dd0ab480f6a7d454e8b157baa2501d",
        "thumb": "https://images.unsplash.com/photo-1489057136002-df4191d1622f?ixlib=rb-0.3.5&q=80&fm=jpg&crop=entropy&cs=tinysrgb&w=200&fit=max&s=8ef24971a9001eb437fd4bbf83727dac"
      },
      "user": {
        "bio": "Product Designer and Surf Photographer",
        "first_name": "Thierry",
        "id": "P42-RXE_NjY",
        "last_name": "Meier",
        "links": {
          "followers": "https://api.unsplash.com/users/thierrymeier/followers",
          "following": "https://api.unsplash.com/users/thierrymeier/following",
          "html": "https://unsplash.com/@thierrymeier",
          "likes": "https://api.unsplash.com/users/thierrymeier/likes",
          "photos": "https://api.unsplash.com/users/thierrymeier/photos",
          "portfolio": "https://api.unsplash.com/users/thierrymeier/portfolio",
          "self": "https://api.unsplash.com/users/thierrymeier"
        },
        "location": "Byron Bay, Australia",
        "name": "Thierry Meier",
        "portfolio_url": "https://www.instagram.com/thierrymeier",
        "profile_image": {
          "large": "https://images.unsplash.com/profile-1492049271323-3707524e7a9e?ixlib=rb-0.3.5&q=80&fm=jpg&crop=faces&cs=tinysrgb&fit=crop&h=128&w=128&s=579b89735643f200546a09979327deec",
          "medium": "https://images.unsplash.com/profile-1492049271323-3707524e7a9e?ixlib=rb-0.3.5&q=80&fm=jpg&crop=faces&cs=tinysrgb&fit=crop&h=64&w=64&s=eebd398f71ee4b731c26006221442c3c",
          "small": "https://images.unsplash.com/profile-1492049271323-3707524e7a9e?ixlib=rb-0.3.5&q=80&fm=jpg&crop=faces&cs=tinysrgb&fit=crop&h=32&w=32&s=f0660e983d64e0b015bedfa765796d95"
        },
        "total_collections": 0,
        "total_likes": 5,
        "total_photos": 6,
        "twitter_username": "thierrymeier_",
        "updated_at": "2017-10-30T23:55:00-04:00",
        "username": "thierrymeier"
      },
      "width": 4320
    },
    {
      "categories": [],
      "color": "#1E1D24",
      "created_at": "2016-02-20T14:03:10-05:00",
      "current_user_collections": [],
      "description": "A small home office with a surfing board in the corner next to a desk on wheels",
      "height": 2448,
      "id": "f6bKycd4UFc",
      "liked_by_user": false,
      "likes": 373,
      "links": {
        "download": "https://unsplash.com/photos/f6bKycd4UFc/download",
        "download_location": "https://api.unsplash.com/photos/f6bKycd4UFc/download",
        "html": "https://unsplash.com/photos/f6bKycd4UFc",
        "self": "https://api.unsplash.com/photos/f6bKycd4UFc"
      },
      "updated_at": "2017-10-31T17:19:22-04:00",
      "urls": {
        "full": "https://images.unsplash.com/photo-1455994972514-4624f7f224a7?ixlib=rb-0.3.5&q=85&fm=jpg&crop=entropy&cs=srgb&s=2040b0536b1da22a0d57d1b2b95ae81f",
        "raw": "https://images.unsplash.com/photo-1455994972514-4624f7f224a7",
        "regular": "https://images.unsplash.com/photo-1455994972514-4624f7f224a7?ixlib=rb-0.3.5&q=80&fm=jpg&crop=entropy&cs=tinysrgb&w=1080&fit=max&s=11d4a2ca23f9d0778863c26043e27445",
        "small": "https://images.unsplash.com/photo-1455994972514-4624f7f224a7?ixlib=rb-0.3.5&q=80&fm=jpg&crop=entropy&cs=tinysrgb&w=400&fit=max&s=62dfa0bc7747af7fc5dc10aa4b80f429",
        "thumb": "https://images.unsplash.com/photo-1455994972514-4624f7f224a7?ixlib=rb-0.3.5&q=80&fm=jpg&crop=entropy&cs=tinysrgb&w=200&fit=max&s=c41cf7cd7e89a51db5ae9ceeea3a9ff1"
      },
      "user": {
        "bio": "Please follow me on Instagram @robjbye or drop me an email at hello@robertbye.com",
        "first_name": "Rob",
        "id": "oadtZo3G3eM",
        "last_name": "Bye",
        "links": {
          "followers": "https://api.unsplash.com/users/robertbye/followers",
          "following": "https://api.unsplash.com/users/robertbye/following",
          "html": "https://unsplash.com/@robertbye",
          "likes": "https://api.unsplash.com/users/robertbye/likes",
          "photos": "https://api.unsplash.com/users/robertbye/photos",
          "portfolio": "https://api.unsplash.com/users/robertbye/portfolio",
          "self": "https://api.unsplash.com/users/robertbye"
        },
        "location": "London",
        "name": "Rob Bye",
        "portfolio_url": "http://www.instagram.com/robjbye",
        "profile_image": {
          "large": "https://images.unsplash.com/profile-1469881805705-07770f4fb50f?ixlib=rb-0.3.5&q=80&fm=jpg&crop=faces&cs=tinysrgb&fit=crop&h=128&w=128&s=820b172075e1619cf9dcc42c0ebe507f",
          "medium": "https://images.unsplash.com/profile-1469881805705-07770f4fb50f?ixlib=rb-0.3.5&q=80&fm=jpg&crop=faces&cs=tinysrgb&fit=crop&h=64&w=64&s=5ba1135ec48178022614240f0da7c6c1",
          "small": "https://images.unsplash.com/profile-1469881805705-07770f4fb50f?ixlib=rb-0.3.5&q=80&fm=jpg&crop=faces&cs=tinysrgb&fit=crop&h=32&w=32&s=2a20914793e1e3ad74f374eb196bb153"
        },
        "total_collections": 3,
        "total_likes": 56,
        "total_photos": 235,
        "twitter_username": "RobJBye",
        "updated_at": "2017-11-10T03:38:58-05:00",
        "username": "robertbye"
      },
      "width": 3264
    },
    {
      "categories": [],
      "color": "#383048",
      "created_at": "2017-09-21T16:16:18-04:00",
      "current_user_collections": [],
      "description": null,
      "height": 2734,
      "id": "NOY_-ZZiKT4",
      "liked_by_user": false,
      "likes": 200,
      "links": {
        "download": "https://unsplash.com/photos/NOY_-ZZiKT4/download",
        "download_location": "https://api.unsplash.com/photos/NOY_-ZZiKT4/download",
        "html": "https://unsplash.com/photos/NOY_-ZZiKT4",
        "self": "https://api.unsplash.com/photos/NOY_-ZZiKT4"
      },
      "updated_at": "2017-10-31T12:45:50-04:00",
      "urls": {
        "full": "https://images.unsplash.com/photo-1506024846343-cb728d37e53e?ixlib=rb-0.3.5&q=85&fm=jpg&crop=entropy&cs=srgb&s=8850e96fe9e989cd844d0c283b91e883",
        "raw": "https://images.unsplash.com/photo-1506024846343-cb728d37e53e",
        "regular": "https://images.unsplash.com/photo-1506024846343-cb728d37e53e?ixlib=rb-0.3.5&q=80&fm=jpg&crop=entropy&cs=tinysrgb&w=1080&fit=max&s=70c24c5d2d9b87bd79b15cf671338c1d",
        "small": "https://images.unsplash.com/photo-1506024846343-cb728d37e53e?ixlib=rb-0.3.5&q=80&fm=jpg&crop=entropy&cs=tinysrgb&w=400&fit=max&s=608f81af3c1720f559dd6f639b0b2d83",
        "thumb": "https://images.unsplash.com/photo-1506024846343-cb728d37e53e?ixlib=rb-0.3.5&q=80&fm=jpg&crop=entropy&cs=tinysrgb&w=200&fit=max&s=3df9941c545126ca8855a6a24e22e682"
      },
      "user": {
        "bio": "Playing for legacy...",
        "first_name": "Adam",
        "id": "9PjVTaGzKX8",
        "last_name": "Krowitz",
        "links": {
          "followers": "https://api.unsplash.com/users/thedroneman/followers",
          "following": "https://api.unsplash.com/users/thedroneman/following",
          "html": "https://unsplash.com/@thedroneman",
          "likes": "https://api.unsplash.com/users/thedroneman/likes",
          "photos": "https://api.unsplash.com/users/thedroneman/photos",
          "portfolio": "https://api.unsplash.com/users/thedroneman/portfolio",
          "self": "https://api.unsplash.com/users/thedroneman"
        },
        "location": "Australia",
        "name": "Adam Krowitz",
        "portfolio_url": "http://www.instagram.com/thedroneman",
        "profile_image": {
          "large": "https://images.unsplash.com/profile-fb-1506020012-dff750b2cdce.jpg?ixlib=rb-0.3.5&q=80&fm=jpg&crop=faces&cs=tinysrgb&fit=crop&h=128&w=128&s=2c7891e0be44f710bfe5648108db2b8e",
          "medium": "https://images.unsplash.com/profile-fb-1506020012-dff750b2cdce.jpg?ixlib=rb-0.3.5&q=80&fm=jpg&crop=faces&cs=tinysrgb&fit=crop&h=64&w=64&s=906c65db2a41f0d11ef353cd562db77d",
          "small": "https://images.unsplash.com/profile-fb-1506020012-dff750b2cdce.jpg?ixlib=rb-0.3.5&q=80&fm=jpg&crop=faces&cs=tinysrgb&fit=crop&h=32&w=32&s=a5161f62623b3b69cc0d976bd809c740"
        },
        "total_collections": 1,
        "total_likes": 21,
        "total_photos": 7,
        "twitter_username": null,
        "updated_at": "2017-11-11T23:19:47-05:00",
        "username": "thedroneman"
      },
      "width": 2060
    },
    {
      "categories": [],
      "color": "#463939",
      "created_at": "2016-10-20T00:28:17-04:00",
      "current_user_collections": [],
      "description": "Two people with surfboards walking towards the sea on a beach",
      "height": 3648,
      "id": "-AFVBe7VGqQ",
      "liked_by_user": false,
      "likes": 163,
      "links": {
        "download": "https://unsplash.com/photos/-AFVBe7VGqQ/download",
        "download_location": "https://api.unsplash.com/photos/-AFVBe7VGqQ/download",
        "html": "https://unsplash.com/photos/-AFVBe7VGqQ",
        "self": "https://api.unsplash.com/photos/-AFVBe7VGqQ"
      },
      "updated_at": "2017-11-01T13:48:17-04:00",
      "urls": {
        "full": "https://images.unsplash.com/photo-1476937673710-8174834aa065?ixlib=rb-0.3.5&q=85&fm=jpg&crop=entropy&cs=srgb&s=47848750f684bc34d908a73bbf9b697a",
        "raw": "https://images.unsplash.com/photo-1476937673710-8174834aa065",
        "regular": "https://images.unsplash.com/photo-1476937673710-8174834aa065?ixlib=rb-0.3.5&q=80&fm=jpg&crop=entropy&cs=tinysrgb&w=1080&fit=max&s=b6c9c6a25d311f412a19bef62b803f20",
        "small": "https://images.unsplash.com/photo-1476937673710-8174834aa065?ixlib=rb-0.3.5&q=80&fm=jpg&crop=entropy&cs=tinysrgb&w=400&fit=max&s=503633c4cb304dd0fe56de671b887cf6",
        "thumb": "https://images.unsplash.com/photo-1476937673710-8174834aa065?ixlib=rb-0.3.5&q=80&fm=jpg&crop=entropy&cs=tinysrgb&w=200&fit=max&s=860b8288bb8a832c694cbe7e5c4fed6d"
      },
      "user": {
        "bio": "Let your thoughts float out and capture the moment...\r\n\"Follow me on Instagram\"\r\n@sethdoylee \r\n",
        "first_name": "Seth",
        "id": "jL6nnzyV8FY",
        "last_name": "Doyle",
        "links": {
          "followers": "https://api.unsplash.com/users/sethdoylee/followers",
          "following": "https://api.unsplash.com/users/sethdoylee/following",
          "html": "https://unsplash.com/@sethdoylee",
          "likes": "https://api.unsplash.com/users/sethdoylee/likes",
          "photos": "https://api.unsplash.com/users/sethdoylee/photos",
          "portfolio": "https://api.unsplash.com/users/sethdoylee/portfolio",
          "self": "https://api.unsplash.com/users/sethdoylee"
        },
        "location": "Jacksonville, Florida ",
        "name": "Seth Doyle",
        "portfolio_url": "https://sethdoyle.com/",
        "profile_image": {
          "large": "https://images.unsplash.com/profile-1476974565719-5d2fa1c11d41?ixlib=rb-0.3.5&q=80&fm=jpg&crop=faces&cs=tinysrgb&fit=crop&h=128&w=128&s=086263f4ce3746dbf8e88257e569668c",
          "medium": "https://images.unsplash.com/profile-1476974565719-5d2fa1c11d41?ixlib=rb-0.3.5&q=80&fm=jpg&crop=faces&cs=tinysrgb&fit=crop&h=64&w=64&s=2321178ec970e4f64acd43cb17c6ea94",
          "small": "https://images.unsplash.com/profile-1476974565719-5d2fa1c11d41?ixlib=rb-0.3.5&q=80&fm=jpg&crop=faces&cs=tinysrgb&fit=crop&h=32&w=32&s=a76c288f7f284b61cc39f0e70603fb68"
        },
        "total_collections": 0,
        "total_likes": 10,
        "total_photos": 92,
        "twitter_username": null,
        "updated_at": "2017-11-12T02:37:28-05:00",
        "username": "sethdoylee"
      },
      "width": 5472
    },
    {
      "categories": [],
      "color": "#10324F",
      "created_at": "2017-07-27T14:25:47-04:00",
      "current_user_collections": [],
      "description": "Male surfer riding a large wave with a snowboard in East Jova, Indonesia",
      "height": 2574,
      "id": "KddhjuT1wEE",
      "liked_by_user": false,
      "likes": 16,
      "links": {
        "download": "https://unsplash.com/photos/KddhjuT1wEE/download",
        "download_location": "https://api.unsplash.com/photos/KddhjuT1wEE/download",
        "html": "https://unsplash.com/photos/KddhjuT1wEE",
        "self": "https://api.unsplash.com/photos/KddhjuT1wEE"
      },
      "updated_at": "2017-10-29T13:58:14-04:00",
      "urls": {
        "full": "https://images.unsplash.com/photo-1501179880790-6e0fc09954c9?ixlib=rb-0.3.5&q=85&fm=jpg&crop=entropy&cs=srgb&s=5f81e5b2da40470fd259b3c9c07270de",
        "raw": "https://images.unsplash.com/photo-1501179880790-6e0fc09954c9",
        "regular": "https://images.unsplash.com/photo-1501179880790-6e0fc09954c9?ixlib=rb-0.3.5&q=80&fm=jpg&crop=entropy&cs=tinysrgb&w=1080&fit=max&s=b2ac52a51adf6db167c39e68dd2fccd0",
        "small": "https://images.unsplash.com/photo-1501179880790-6e0fc09954c9?ixlib=rb-0.3.5&q=80&fm=jpg&crop=entropy&cs=tinysrgb&w=400&fit=max&s=13b24507a795eb7be8732034cedb21aa",
        "thumb": "https://images.unsplash.com/photo-1501179880790-6e0fc09954c9?ixlib=rb-0.3.5&q=80&fm=jpg&crop=entropy&cs=tinysrgb&w=200&fit=max&s=62b99cbb1eec9a40b09aec72cc27f20c"
      },
      "user": {
        "bio": "@tidesinourveins\r\nGlobal Expeditions |\r\nSurf Photography |\r\nAdventure photography \r\n",
        "first_name": "Jeremy",
        "id": "fbPZwdKgWWs",
        "last_name": "Bishop",
        "links": {
          "followers": "https://api.unsplash.com/users/tidesinourveins/followers",
          "following": "https://api.unsplash.com/users/tidesinourveins/following",
          "html": "https://unsplash.com/@tidesinourveins",
          "likes": "https://api.unsplash.com/users/tidesinourveins/likes",
          "photos": "https://api.unsplash.com/users/tidesinourveins/photos",
          "portfolio": "https://api.unsplash.com/users/tidesinourveins/portfolio",
          "self": "https://api.unsplash.com/users/tidesinourveins"
        },
        "location": "California",
        "name": "Jeremy Bishop",
        "portfolio_url": "http://jeremybishopphotography.com",
        "profile_image": {
          "large": "https://images.unsplash.com/profile-1475405901109-04b2f633a548?ixlib=rb-0.3.5&q=80&fm=jpg&crop=faces&cs=tinysrgb&fit=crop&h=128&w=128&s=07596ffc8a1763674708a2d8500f2427",
          "medium": "https://images.unsplash.com/profile-1475405901109-04b2f633a548?ixlib=rb-0.3.5&q=80&fm=jpg&crop=faces&cs=tinysrgb&fit=crop&h=64&w=64&s=164eaa85bd58a3e71871d0387246310c",
          "small": "https://images.unsplash.com/profile-1475405901109-04b2f633a548?ixlib=rb-0.3.5&q=80&fm=jpg&crop=faces&cs=tinysrgb&fit=crop&h=32&w=32&s=8bb5a4dcbbe82648e3c78eb143435886"
        },
        "total_collections": 15,
        "total_likes": 3196,
        "total_photos": 650,
        "twitter_username": null,
        "updated_at": "2017-11-11T19:29:54-05:00",
        "username": "tidesinourveins"
      },
      "width": 3861
    },
    {
      "categories": [],
      "color": "#262E23",
      "created_at": "2016-03-21T16:42:51-04:00",
      "current_user_collections": [],
      "description": "Four surfers walk along the beach with their brightly colored surfboards.",
      "height": 2848,
      "id": "lqx7nwaYS9o",
      "liked_by_user": false,
      "likes": 110,
      "links": {
        "download": "https://unsplash.com/photos/lqx7nwaYS9o/download",
        "download_location": "https://api.unsplash.com/photos/lqx7nwaYS9o/download",
        "html": "https://unsplash.com/photos/lqx7nwaYS9o",
        "self": "https://api.unsplash.com/photos/lqx7nwaYS9o"
      },
      "updated_at": "2017-11-01T13:19:53-04:00",
      "urls": {
        "full": "https://images.unsplash.com/photo-1458592918806-99f9cfbe41fc?ixlib=rb-0.3.5&q=85&fm=jpg&crop=entropy&cs=srgb&s=d51cbe111237ecbd499bfe3eca5d921a",
        "raw": "https://images.unsplash.com/photo-1458592918806-99f9cfbe41fc",
        "regular": "https://images.unsplash.com/photo-1458592918806-99f9cfbe41fc?ixlib=rb-0.3.5&q=80&fm=jpg&crop=entropy&cs=tinysrgb&w=1080&fit=max&s=b8bf64d48feea45e7daf62a872b06e03",
        "small": "https://images.unsplash.com/photo-1458592918806-99f9cfbe41fc?ixlib=rb-0.3.5&q=80&fm=jpg&crop=entropy&cs=tinysrgb&w=400&fit=max&s=eb853af1658b153a79e980312af9971a",
        "thumb": "https://images.unsplash.com/photo-1458592918806-99f9cfbe41fc?ixlib=rb-0.3.5&q=80&fm=jpg&crop=entropy&cs=tinysrgb&w=200&fit=max&s=ef09570d926b03ad52b75978bd961fa0"
      },
      "user": {
        "bio": null,
        "first_name": "Delphine",
        "id": "ztx-GUqNSVI",
        "last_name": "Ducaruge",
        "links": {
          "followers": "https://api.unsplash.com/users/delphinenz/followers",
          "following": "https://api.unsplash.com/users/delphinenz/following",
          "html": "https://unsplash.com/@delphinenz",
          "likes": "https://api.unsplash.com/users/delphinenz/likes",
          "photos": "https://api.unsplash.com/users/delphinenz/photos",
          "portfolio": "https://api.unsplash.com/users/delphinenz/portfolio",
          "self": "https://api.unsplash.com/users/delphinenz"
        },
        "location": null,
        "name": "Delphine Ducaruge",
        "portfolio_url": null,
        "profile_image": {
          "large": "https://images.unsplash.com/placeholder-avatars/extra-large.jpg?ixlib=rb-0.3.5&q=80&fm=jpg&crop=faces&cs=tinysrgb&fit=crop&h=128&w=128&s=ee8bbf5fb8d6e43aaaa238feae2fe90d",
          "medium": "https://images.unsplash.com/placeholder-avatars/extra-large.jpg?ixlib=rb-0.3.5&q=80&fm=jpg&crop=faces&cs=tinysrgb&fit=crop&h=64&w=64&s=356bd4b76a3d4eb97d63f45b818dd358",
          "small": "https://images.unsplash.com/placeholder-avatars/extra-large.jpg?ixlib=rb-0.3.5&q=80&fm=jpg&crop=faces&cs=tinysrgb&fit=crop&h=32&w=32&s=0ad68f44c4725d5a3fda019bab9d3edc"
        },
        "total_collections": 0,
        "total_likes": 29,
        "total_photos": 19,
        "twitter_username": null,
        "updated_at": "2017-10-30T14:07:27-04:00",
        "username": "delphinenz"
      },
      "width": 4288
    },
    {
      "categories": [],
      "color": "#03060A",
      "created_at": "2017-06-08T02:34:49-04:00",
      "current_user_collections": [],
      "description": null,
      "height": 3340,
      "id": "DyVvnXIIlEY",
      "liked_by_user": false,
      "likes": 103,
      "links": {
        "download": "https://unsplash.com/photos/DyVvnXIIlEY/download",
        "download_location": "https://api.unsplash.com/photos/DyVvnXIIlEY/download",
        "html": "https://unsplash.com/photos/DyVvnXIIlEY",
        "self": "https://api.unsplash.com/photos/DyVvnXIIlEY"
      },
      "updated_at": "2017-10-28T00:31:45-04:00",
      "urls": {
        "full": "https://images.unsplash.com/photo-1496903602426-e568a835f95f?ixlib=rb-0.3.5&q=85&fm=jpg&crop=entropy&cs=srgb&s=7f1046fcb1497adf3acdc44e4b2253c8",
        "raw": "https://images.unsplash.com/photo-1496903602426-e568a835f95f",
        "regular": "https://images.unsplash.com/photo-1496903602426-e568a835f95f?ixlib=rb-0.3.5&q=80&fm=jpg&crop=entropy&cs=tinysrgb&w=1080&fit=max&s=ff11ba4eb423f58a09f94199e6b3e333",
        "small": "https://images.unsplash.com/photo-1496903602426-e568a835f95f?ixlib=rb-0.3.5&q=80&fm=jpg&crop=entropy&cs=tinysrgb&w=400&fit=max&s=efed8786773b8c56f723c3512ec4900d",
        "thumb": "https://images.unsplash.com/photo-1496903602426-e568a835f95f?ixlib=rb-0.3.5&q=80&fm=jpg&crop=entropy&cs=tinysrgb&w=200&fit=max&s=49db548115105b769d8e012412206212"
      },
      "user": {
        "bio": "@tidesinourveins\r\nGlobal Expeditions |\r\nSurf Photography |\r\nAdventure photography \r\n",
        "first_name": "Jeremy",
        "id": "fbPZwdKgWWs",
        "last_name": "Bishop",
        "links": {
          "followers": "https://api.unsplash.com/users/tidesinourveins/followers",
          "following": "https://api.unsplash.com/users/tidesinourveins/following",
          "html": "https://unsplash.com/@tidesinourveins",
          "likes": "https://api.unsplash.com/users/tidesinourveins/likes",
          "photos": "https://api.unsplash.com/users/tidesinourveins/photos",
          "portfolio": "https://api.unsplash.com/users/tidesinourveins/portfolio",
          "self": "https://api.unsplash.com/users/tidesinourveins"
        },
        "location": "California",
        "name": "Jeremy Bishop",
        "portfolio_url": "http://jeremybishopphotography.com",
        "profile_image": {
          "large": "https://images.unsplash.com/profile-1475405901109-04b2f633a548?ixlib=rb-0.3.5&q=80&fm=jpg&crop=faces&cs=tinysrgb&fit=crop&h=128&w=128&s=07596ffc8a1763674708a2d8500f2427",
          "medium": "https://images.unsplash.com/profile-1475405901109-04b2f633a548?ixlib=rb-0.3.5&q=80&fm=jpg&crop=faces&cs=tinysrgb&fit=crop&h=64&w=64&s=164eaa85bd58a3e71871d0387246310c",
          "small": "https://images.unsplash.com/profile-1475405901109-04b2f633a548?ixlib=rb-0.3.5&q=80&fm=jpg&crop=faces&cs=tinysrgb&fit=crop&h=32&w=32&s=8bb5a4dcbbe82648e3c78eb143435886"
        },
        "total_collections": 15,
        "total_likes": 3196,
        "total_photos": 650,
        "twitter_username": null,
        "updated_at": "2017-11-11T19:29:54-05:00",
        "username": "tidesinourveins"
      },
      "width": 5010
    },
    {
      "categories": [],
      "color": "#716569",
      "created_at": "2016-11-06T17:44:35-05:00",
      "current_user_collections": [],
      "description": "Surfers and swimmers in the ocean as the sun sets over the coast at 54th Street",
      "height": 2730,
      "id": "Z6v4dSNayVg",
      "liked_by_user": false,
      "likes": 1122,
      "links": {
        "download": "https://unsplash.com/photos/Z6v4dSNayVg/download",
        "download_location": "https://api.unsplash.com/photos/Z6v4dSNayVg/download",
        "html": "https://unsplash.com/photos/Z6v4dSNayVg",
        "self": "https://api.unsplash.com/photos/Z6v4dSNayVg"
      },
      "updated_at": "2017-10-31T15:11:36-04:00",
      "urls": {
        "full": "https://images.unsplash.com/photo-1478472190689-fa020c20809a?ixlib=rb-0.3.5&q=85&fm=jpg&crop=entropy&cs=srgb&s=92068054091e2ca17f3f738c42e48f55",
        "raw": "https://images.unsplash.com/photo-1478472190689-fa020c20809a",
        "regular": "https://images.unsplash.com/photo-1478472190689-fa020c20809a?ixlib=rb-0.3.5&q=80&fm=jpg&crop=entropy&cs=tinysrgb&w=1080&fit=max&s=7d5511156e0284d1fef755871187538a",
        "small": "https://images.unsplash.com/photo-1478472190689-fa020c20809a?ixlib=rb-0.3.5&q=80&fm=jpg&crop=entropy&cs=tinysrgb&w=400&fit=max&s=a9aea6e4079a55e39ffb240187628391",
        "thumb": "https://images.unsplash.com/photo-1478472190689-fa020c20809a?ixlib=rb-0.3.5&q=80&fm=jpg&crop=entropy&cs=tinysrgb&w=200&fit=max&s=275ff4bb07391a3a6f30b99c359d791a"
      },
      "user": {
        "bio": "Follow me on IG: @arstyy || Global UX Director at Billabong. Co-Founder & Product lead at August. Creative Director at Tixr. Seeker of experiences. Designer. Techie.",
        "first_name": "Austin",
        "id": "c7G-UZBgc5s",
        "last_name": "Neill",
        "links": {
          "followers": "https://api.unsplash.com/users/arstyy/followers",
          "following": "https://api.unsplash.com/users/arstyy/following",
          "html": "https://unsplash.com/@arstyy",
          "likes": "https://api.unsplash.com/users/arstyy/likes",
          "photos": "https://api.unsplash.com/users/arstyy/photos",
          "portfolio": "https://api.unsplash.com/users/arstyy/portfolio",
          "self": "https://api.unsplash.com/users/arstyy"
        },
        "location": "Newport Beach, CA",
        "name": "Austin Neill",
        "portfolio_url": "https://www.instagram.com/arstyy/",
        "profile_image": {
          "large": "https://images.unsplash.com/profile-1480960610408-a74cfa0ee510?ixlib=rb-0.3.5&q=80&fm=jpg&crop=faces&cs=tinysrgb&fit=crop&h=128&w=128&s=6402583c2d085d5a6978f2c71ce30f96",
          "medium": "https://images.unsplash.com/profile-1480960610408-a74cfa0ee510?ixlib=rb-0.3.5&q=80&fm=jpg&crop=faces&cs=tinysrgb&fit=crop&h=64&w=64&s=9b70e97aefc633fda79afc82db9bbfcd",
          "small": "https://images.unsplash.com/profile-1480960610408-a74cfa0ee510?ixlib=rb-0.3.5&q=80&fm=jpg&crop=faces&cs=tinysrgb&fit=crop&h=32&w=32&s=96ddb7d9b6515c65cacc193e9445bba7"
        },
        "total_collections": 0,
        "total_likes": 244,
        "total_photos": 120,
        "twitter_username": "austinneill",
        "updated_at": "2017-11-11T08:24:08-05:00",
        "username": "arstyy"
      },
      "width": 4094
    }
  ],
  "total": 1290,
  "total_pages": 43
}